-- phpMyAdmin SQL Dump
-- version 4.8.1
-- https://www.phpmyadmin.net/
--
-- Host: 127.0.0.1
-- Generation Time: Sep 11, 2018 at 11:38 PM
-- Server version: 10.1.33-MariaDB
-- PHP Version: 7.2.6

SET SQL_MODE = "NO_AUTO_VALUE_ON_ZERO";
SET AUTOCOMMIT = 0;
START TRANSACTION;
SET time_zone = "+00:00";


/*!40101 SET @OLD_CHARACTER_SET_CLIENT=@@CHARACTER_SET_CLIENT */;
/*!40101 SET @OLD_CHARACTER_SET_RESULTS=@@CHARACTER_SET_RESULTS */;
/*!40101 SET @OLD_COLLATION_CONNECTION=@@COLLATION_CONNECTION */;
/*!40101 SET NAMES utf8mb4 */;

--
-- Database: `eapi`
--

-- --------------------------------------------------------

--
-- Table structure for table `migrations`
--

CREATE TABLE `migrations` (
  `id` int(10) UNSIGNED NOT NULL,
  `migration` varchar(191) COLLATE utf8mb4_unicode_ci NOT NULL,
  `batch` int(11) NOT NULL
) ENGINE=InnoDB DEFAULT CHARSET=utf8mb4 COLLATE=utf8mb4_unicode_ci;

--
-- Dumping data for table `migrations`
--

INSERT INTO `migrations` (`id`, `migration`, `batch`) VALUES
(9, '2014_10_12_000000_create_users_table', 1),
(10, '2014_10_12_100000_create_password_resets_table', 1),
(11, '2018_09_11_172443_create_products_table', 1),
(12, '2018_09_11_172534_create_reviews_table', 1);

-- --------------------------------------------------------

--
-- Table structure for table `password_resets`
--

CREATE TABLE `password_resets` (
  `email` varchar(191) COLLATE utf8mb4_unicode_ci NOT NULL,
  `token` varchar(191) COLLATE utf8mb4_unicode_ci NOT NULL,
  `created_at` timestamp NULL DEFAULT NULL
) ENGINE=InnoDB DEFAULT CHARSET=utf8mb4 COLLATE=utf8mb4_unicode_ci;

-- --------------------------------------------------------

--
-- Table structure for table `products`
--

CREATE TABLE `products` (
  `id` int(10) UNSIGNED NOT NULL,
  `name` varchar(191) COLLATE utf8mb4_unicode_ci NOT NULL,
  `detail` text COLLATE utf8mb4_unicode_ci NOT NULL,
  `price` int(11) NOT NULL,
  `stock` int(11) NOT NULL,
  `discount` int(11) NOT NULL,
  `created_at` timestamp NULL DEFAULT NULL,
  `updated_at` timestamp NULL DEFAULT NULL
) ENGINE=InnoDB DEFAULT CHARSET=utf8mb4 COLLATE=utf8mb4_unicode_ci;

--
-- Dumping data for table `products`
--

INSERT INTO `products` (`id`, `name`, `detail`, `price`, `stock`, `discount`, `created_at`, `updated_at`) VALUES
(1, 'aliquid', 'At sequi at asperiores sequi dolore sunt enim. Suscipit modi non sed. Sint exercitationem rerum expedita rem quos. Culpa error dolor veniam maiores.', 677, 7, 29, '2018-09-11 19:35:45', '2018-09-11 19:35:45'),
(2, 'sunt', 'Ut quasi cupiditate esse voluptate. Fugiat dolores enim qui veniam corrupti deleniti at labore. Est dicta nesciunt voluptatem nihil ut. Unde doloribus neque reiciendis unde.', 313, 7, 22, '2018-09-11 19:35:45', '2018-09-11 19:35:45'),
(3, 'earum', 'Similique et ut temporibus aut a laudantium. Quaerat et est architecto explicabo. Earum illo corrupti a vero delectus eos. Deleniti officia asperiores esse sed.', 364, 1, 14, '2018-09-11 19:35:45', '2018-09-11 19:35:45'),
(4, 'culpa', 'Nostrum enim consequatur distinctio rerum voluptatem architecto facere. Placeat enim totam vel est sequi. Modi molestiae maxime laborum.', 290, 4, 16, '2018-09-11 19:35:45', '2018-09-11 19:35:45'),
(5, 'libero', 'Asperiores omnis et velit. Doloribus dolore sunt aut non dolor. Voluptatem quia ullam beatae tempore aspernatur. Excepturi aut soluta magni est quis consectetur aut atque.', 147, 2, 12, '2018-09-11 19:35:45', '2018-09-11 19:35:45'),
(6, 'illum', 'Ut quis sunt eligendi facere rem nam cumque. Eum soluta iste ut sunt eos. Sint aut nulla cupiditate. Autem molestiae qui a totam sed voluptatum.', 736, 6, 8, '2018-09-11 19:35:45', '2018-09-11 19:35:45'),
(7, 'inventore', 'Quas consequatur nemo cupiditate ut sequi aut voluptatem. Itaque expedita corporis quia rem sint. Nostrum autem modi et autem delectus et.', 482, 7, 12, '2018-09-11 19:35:45', '2018-09-11 19:35:45'),
(8, 'mollitia', 'Eos eius occaecati esse. Quos quo recusandae repudiandae. Porro iste est autem.', 617, 2, 29, '2018-09-11 19:35:46', '2018-09-11 19:35:46'),
(9, 'est', 'Minima expedita ut debitis quam quos facere ut. Corporis quibusdam unde possimus qui amet corrupti est. Dolores qui occaecati eum rem et.', 657, 4, 21, '2018-09-11 19:35:46', '2018-09-11 19:35:46'),
(10, 'id', 'Culpa eveniet ullam qui et consequatur delectus. Porro est numquam adipisci quaerat omnis modi et. Et provident repudiandae fuga nostrum tempore expedita.', 311, 8, 14, '2018-09-11 19:35:46', '2018-09-11 19:35:46'),
(11, 'ut', 'Ut veritatis explicabo labore sunt eligendi facere. Odit nihil modi cum aut itaque ea eveniet quas. Ut suscipit fuga vero possimus voluptas earum. Iste dolore inventore id quos atque autem. Ut omnis nihil illo hic qui illum.', 128, 8, 30, '2018-09-11 19:35:46', '2018-09-11 19:35:46'),
(12, 'officiis', 'Fuga modi omnis consequatur exercitationem et beatae repellat. Aut quaerat aspernatur autem tempora aperiam vel. Nulla amet ut commodi autem. Consequatur ut maxime qui nesciunt beatae et ut.', 468, 6, 2, '2018-09-11 19:35:46', '2018-09-11 19:35:46'),
(13, 'excepturi', 'Reprehenderit similique itaque praesentium ipsum aut laudantium. In perspiciatis vero eum ad aut placeat veritatis.', 467, 1, 19, '2018-09-11 19:35:46', '2018-09-11 19:35:46'),
(14, 'sed', 'Quod quas eos laudantium unde magnam repellendus. Dicta quo rerum itaque qui odio. Eius dolorum voluptatum labore commodi.', 203, 8, 20, '2018-09-11 19:35:46', '2018-09-11 19:35:46'),
(15, 'accusamus', 'Fuga ut dolor omnis eaque autem voluptatem sit. Quia optio ullam reiciendis minima est repellat accusamus. Vero eum iste rerum sunt.', 705, 4, 24, '2018-09-11 19:35:46', '2018-09-11 19:35:46'),
(16, 'soluta', 'Et corrupti est quia et voluptatem. Quia quidem sunt quis ab. Ut dolores nostrum eligendi sapiente sed qui non. Quia tenetur beatae voluptas aut quo.', 487, 9, 6, '2018-09-11 19:35:46', '2018-09-11 19:35:46'),
(17, 'nihil', 'Delectus in non quia quia voluptates voluptas quae. Quo aliquam molestias consequatur consequatur perferendis. Deleniti ut iure est vero cumque et blanditiis. Quia doloribus corrupti ut amet.', 652, 9, 23, '2018-09-11 19:35:46', '2018-09-11 19:35:46'),
(18, 'laudantium', 'Rerum iusto quae debitis optio aut ad et. Dolores voluptas error alias iusto vitae est aperiam incidunt. Incidunt eos quo excepturi aut.', 879, 4, 3, '2018-09-11 19:35:46', '2018-09-11 19:35:46'),
(19, 'et', 'At rem reprehenderit ipsam velit deleniti minima et. Vitae officia aut aut veniam dolores consequuntur voluptatibus non. Quod deserunt architecto omnis assumenda est corporis corrupti. Tempora omnis et doloremque in non fugiat maiores.', 626, 4, 19, '2018-09-11 19:35:46', '2018-09-11 19:35:46'),
(20, 'placeat', 'Ab cum soluta quia magni delectus ratione. Occaecati architecto et aperiam labore quo temporibus. Est qui saepe rerum dicta quibusdam aspernatur nemo neque. Nihil sint excepturi aspernatur distinctio omnis.', 783, 3, 21, '2018-09-11 19:35:46', '2018-09-11 19:35:46'),
(21, 'dolorem', 'Ut velit odio dolor aliquid. Quasi et nam voluptas ut quae. Veniam architecto modi eveniet quis quo. Accusantium suscipit accusantium iste odio voluptatibus a et.', 158, 2, 17, '2018-09-11 19:35:46', '2018-09-11 19:35:46'),
(22, 'quos', 'Libero impedit voluptas mollitia esse in rerum. Nam aut consequatur est tempore at error quae. Ipsam aut eaque in quasi nostrum. Modi nam est vel veritatis ut provident dolorum quia.', 282, 6, 28, '2018-09-11 19:35:46', '2018-09-11 19:35:46'),
(23, 'odit', 'Atque reiciendis totam sunt ut ea. Id tempore possimus voluptas adipisci.', 401, 0, 13, '2018-09-11 19:35:46', '2018-09-11 19:35:46'),
(24, 'consequuntur', 'Aut possimus illo quis blanditiis itaque laborum minima et. Dolores ea reiciendis consequuntur ab amet. Id velit modi debitis quis nobis velit. Consectetur deserunt ducimus itaque fugit.', 552, 6, 28, '2018-09-11 19:35:46', '2018-09-11 19:35:46'),
(25, 'rerum', 'Debitis aut eligendi odit quo. Est est unde corporis dicta consequuntur dolor quaerat. Provident magnam cum nesciunt est ab et non.', 395, 3, 14, '2018-09-11 19:35:47', '2018-09-11 19:35:47'),
(26, 'dicta', 'Enim error consequatur commodi quaerat et architecto et. Sapiente quia non eum iusto architecto. Ea eum consequatur quae aperiam tempore dolores autem.', 616, 8, 30, '2018-09-11 19:35:47', '2018-09-11 19:35:47'),
(27, 'dolorem', 'Ipsum officiis velit exercitationem ut occaecati ullam porro commodi. Ut voluptatem ad dolorem ab officia voluptas est. Fugiat autem aut recusandae atque et.', 921, 5, 14, '2018-09-11 19:35:47', '2018-09-11 19:35:47'),
(28, 'voluptatem', 'Id dignissimos deserunt qui hic ab voluptas adipisci. Quibusdam id laborum et qui odio suscipit eaque aut. Voluptas qui quia quam est eligendi iusto qui. Et accusantium sed fugit.', 580, 8, 10, '2018-09-11 19:35:47', '2018-09-11 19:35:47'),
(29, 'fuga', 'Exercitationem autem quia aliquid similique aut. Dolorum totam quos quo nobis enim. Similique ipsum nobis et sunt esse ut.', 738, 8, 6, '2018-09-11 19:35:47', '2018-09-11 19:35:47'),
(30, 'amet', 'Nihil aut animi harum neque ut ut. Sit perspiciatis ut ut nisi ducimus.', 570, 1, 21, '2018-09-11 19:35:47', '2018-09-11 19:35:47'),
(31, 'beatae', 'Eveniet voluptatem et dolor dolores voluptatem quo. Vero omnis minus inventore sed hic consectetur quidem.', 124, 1, 26, '2018-09-11 19:35:47', '2018-09-11 19:35:47'),
(32, 'expedita', 'Sequi quis id nemo iure adipisci. Ea qui nulla sed ut debitis repellendus minima. Cupiditate laudantium a quo molestiae tempore repellendus. Eum ea modi quam praesentium molestiae quis totam. Officia nisi sit veniam.', 719, 8, 3, '2018-09-11 19:35:47', '2018-09-11 19:35:47'),
(33, 'unde', 'Sed sed molestiae optio molestiae consequatur. Ipsa occaecati voluptatem occaecati ut. Ut eos nihil qui voluptas velit.', 462, 3, 27, '2018-09-11 19:35:47', '2018-09-11 19:35:47'),
(34, 'voluptatem', 'Autem ab velit saepe tempore. Ipsum vitae quasi et doloribus vel. Et vero deleniti voluptatem error.', 979, 5, 5, '2018-09-11 19:35:47', '2018-09-11 19:35:47'),
(35, 'et', 'Impedit asperiores vel voluptatibus aut quisquam est. Porro qui quidem sapiente labore quos. Dolorem harum est aliquid sunt necessitatibus.', 105, 1, 24, '2018-09-11 19:35:47', '2018-09-11 19:35:47'),
(36, 'delectus', 'Similique et fugiat nesciunt amet rerum voluptas aut. Et qui alias sed tempore sed. Commodi eveniet qui accusamus qui occaecati sint quis.', 995, 6, 4, '2018-09-11 19:35:47', '2018-09-11 19:35:47'),
(37, 'molestiae', 'Dolorem ipsa aut voluptatibus pariatur unde voluptatem molestias. Est doloremque iste quos et quidem. Ipsum facilis omnis et vero.', 187, 0, 17, '2018-09-11 19:35:48', '2018-09-11 19:35:48'),
(38, 'ut', 'Recusandae magni aut eligendi consequatur delectus provident. Et omnis ratione consequatur. Sed et ducimus dolorem eos neque quos aut.', 752, 4, 23, '2018-09-11 19:35:48', '2018-09-11 19:35:48'),
(39, 'aut', 'Sed et earum suscipit ab tempora. Autem qui ab quae a ut. Dicta eveniet commodi ipsa corrupti doloribus. Est aut est cum quaerat explicabo. Placeat sint impedit dolores et quia eaque.', 501, 2, 23, '2018-09-11 19:35:48', '2018-09-11 19:35:48'),
(40, 'corrupti', 'Beatae sequi ut architecto voluptatum repellendus cupiditate fugiat. Fugiat et et enim quia mollitia. Ut eum eaque ipsam asperiores nemo inventore in aspernatur.', 460, 1, 21, '2018-09-11 19:35:48', '2018-09-11 19:35:48'),
(41, 'omnis', 'Optio praesentium itaque dolore alias consequatur distinctio optio. Quis hic qui dolor. Provident sequi quidem id esse aperiam laborum.', 144, 3, 14, '2018-09-11 19:35:48', '2018-09-11 19:35:48'),
(42, 'sequi', 'Voluptas sint error labore qui porro. Voluptatem molestias rerum eos et. Totam id reprehenderit magnam numquam voluptates quis. Et qui at a ut placeat aut. Non iste quia enim voluptates qui.', 570, 4, 23, '2018-09-11 19:35:48', '2018-09-11 19:35:48'),
(43, 'quam', 'Aliquid quis qui doloribus nam facilis. Deserunt cum asperiores quo provident. Fuga rerum voluptatem consequatur sequi quis soluta dolorem.', 829, 7, 12, '2018-09-11 19:35:48', '2018-09-11 19:35:48'),
(44, 'qui', 'Et est cumque voluptatem illo. Porro dignissimos commodi dolorem ex et voluptas. Natus vitae perspiciatis necessitatibus eum. Recusandae tempore magnam aliquid laborum.', 587, 8, 22, '2018-09-11 19:35:48', '2018-09-11 19:35:48'),
(45, 'ea', 'Et pariatur quis illum. Quibusdam molestiae minima et. Iusto fugiat et commodi ut eius magni. Voluptas cumque blanditiis ex soluta debitis hic dolore.', 815, 7, 29, '2018-09-11 19:35:48', '2018-09-11 19:35:48'),
(46, 'non', 'Sed voluptas laudantium aut sapiente totam est. Voluptas reprehenderit quas rerum qui. Nisi qui exercitationem cumque possimus nemo accusamus.', 272, 3, 20, '2018-09-11 19:35:48', '2018-09-11 19:35:48'),
(47, 'veritatis', 'Aliquid velit non consequuntur debitis sit quo consequatur. Necessitatibus consequuntur voluptatem incidunt recusandae est distinctio. Aut tenetur et sit et reprehenderit eaque voluptatum. Illum excepturi quia voluptatem tempore. Totam ut quod dolores itaque voluptatum impedit ipsum ut.', 274, 8, 27, '2018-09-11 19:35:48', '2018-09-11 19:35:48'),
(48, 'fuga', 'Tempora consequatur cumque aut nam minima molestiae. Molestiae consequatur sunt iure autem quia magnam. Ut impedit corrupti doloribus laborum. Excepturi velit incidunt et ut. Omnis ipsum recusandae recusandae earum ea.', 643, 8, 29, '2018-09-11 19:35:48', '2018-09-11 19:35:48'),
(49, 'non', 'Quibusdam itaque quo ratione facere. Porro eius soluta excepturi quas voluptatem. Sit sunt impedit dolor.', 269, 2, 24, '2018-09-11 19:35:48', '2018-09-11 19:35:48'),
(50, 'qui', 'Id velit magni error accusantium. Reprehenderit quam ut laudantium eaque. Cumque quas commodi nisi neque. Cupiditate ea rerum harum itaque.', 664, 5, 5, '2018-09-11 19:35:48', '2018-09-11 19:35:48');

-- --------------------------------------------------------

--
-- Table structure for table `reviews`
--

CREATE TABLE `reviews` (
  `id` int(10) UNSIGNED NOT NULL,
  `product_id` int(10) UNSIGNED NOT NULL,
  `customer` varchar(191) COLLATE utf8mb4_unicode_ci NOT NULL,
  `review` text COLLATE utf8mb4_unicode_ci NOT NULL,
  `star` int(11) NOT NULL,
  `created_at` timestamp NULL DEFAULT NULL,
  `updated_at` timestamp NULL DEFAULT NULL
) ENGINE=InnoDB DEFAULT CHARSET=utf8mb4 COLLATE=utf8mb4_unicode_ci;

--
-- Dumping data for table `reviews`
--

INSERT INTO `reviews` (`id`, `product_id`, `customer`, `review`, `star`, `created_at`, `updated_at`) VALUES
(1, 33, 'Mr. Edd Gutkowski MD', 'Inventore culpa et animi. Ad facilis et omnis. Est repudiandae non molestiae qui enim.', 5, '2018-09-11 19:35:49', '2018-09-11 19:35:49'),
(2, 22, 'Tiara Breitenberg', 'Dolorem accusamus vel quaerat. Velit et maxime voluptates. Laborum eveniet officia et harum voluptates saepe. Odio ducimus in provident dolore ut eligendi. Voluptatem doloribus quas quia quibusdam iusto.', 5, '2018-09-11 19:35:49', '2018-09-11 19:35:49'),
(3, 46, 'Samantha Casper', 'Veritatis nam et deserunt accusamus sed voluptates. Perspiciatis commodi iste totam omnis et nihil. Delectus nam rerum repudiandae rerum ducimus atque. Laudantium ut minus quos nam rerum magnam.', 5, '2018-09-11 19:35:49', '2018-09-11 19:35:49'),
(4, 30, 'Jarred DuBuque', 'Velit aut itaque esse. Quos laudantium delectus laudantium eum sed. Praesentium molestiae eum repellat perferendis cum non. Tenetur et odio ut dolores.', 1, '2018-09-11 19:35:50', '2018-09-11 19:35:50'),
(5, 15, 'Isabelle Bednar', 'Incidunt quia assumenda sit. Dolores nulla beatae odit ut quia et optio suscipit. Incidunt inventore a est necessitatibus rerum ipsa quo. Sint eligendi incidunt facere voluptas.', 0, '2018-09-11 19:35:50', '2018-09-11 19:35:50'),
(6, 37, 'Theresia Leannon', 'Eos quam iusto itaque. Ullam velit atque dolores omnis eius omnis dolorem. Neque est voluptatem recusandae a. Est est tempore voluptas non et.', 1, '2018-09-11 19:35:50', '2018-09-11 19:35:50'),
(7, 5, 'Chloe Pfeffer DDS', 'Rerum nihil sit voluptatibus et ducimus. Minima quia rem deserunt ut id soluta corrupti. Quae quod aut maxime quo.', 0, '2018-09-11 19:35:50', '2018-09-11 19:35:50'),
(8, 22, 'Noemi Johns', 'Vitae iure ratione et. Itaque vitae ipsam accusamus mollitia mollitia repudiandae fuga eveniet.', 0, '2018-09-11 19:35:50', '2018-09-11 19:35:50'),
(9, 50, 'Mr. Arjun Upton DDS', 'Quisquam et minus alias voluptate recusandae. Velit magnam non ut adipisci quo fugit. Dolorem dolores est ratione quia autem laboriosam.', 4, '2018-09-11 19:35:50', '2018-09-11 19:35:50'),
(10, 20, 'Emily Rodriguez', 'Excepturi et ut et voluptas et consequuntur fugiat. Molestiae possimus veritatis tempore velit enim cum. Deleniti et commodi eum ipsa.', 1, '2018-09-11 19:35:50', '2018-09-11 19:35:50'),
(11, 40, 'Keagan Dietrich', 'Dolor quia totam fugiat quibusdam quasi esse. Velit vero pariatur aut rem modi consectetur. Repellendus enim unde voluptas sed.', 1, '2018-09-11 19:35:50', '2018-09-11 19:35:50'),
(12, 23, 'Ms. Cara Bogan', 'Sunt quia odit est aliquam ad sit quis. Aliquid nemo consequatur in. Sequi exercitationem et nam officia.', 3, '2018-09-11 19:35:50', '2018-09-11 19:35:50'),
(13, 36, 'Prof. Lorenza Wuckert', 'Dolores quo sint repudiandae velit sit. Voluptate ut recusandae vero temporibus. Explicabo quo quia vitae harum.', 3, '2018-09-11 19:35:50', '2018-09-11 19:35:50'),
(14, 9, 'Nasir Corkery', 'Cumque unde et inventore iure saepe sed. Rerum architecto adipisci velit nesciunt voluptatem. Error laborum dolor est eum tempora dignissimos.', 0, '2018-09-11 19:35:50', '2018-09-11 19:35:50'),
(15, 41, 'Durward Walter Sr.', 'Est eum enim assumenda aut. Ut asperiores velit sed aut saepe ut maxime. Dignissimos eligendi perspiciatis odio perferendis molestiae facere. Mollitia sapiente natus dolorem quos id sequi laborum aspernatur.', 1, '2018-09-11 19:35:50', '2018-09-11 19:35:50'),
(16, 12, 'Ms. Rylee Bogan MD', 'Culpa at itaque et vitae doloremque occaecati alias. Architecto quas autem omnis. Porro ut nihil dolores deleniti ut amet iure.', 4, '2018-09-11 19:35:50', '2018-09-11 19:35:50'),
(17, 24, 'Jermaine Stark', 'Expedita minus inventore impedit velit necessitatibus. Inventore sit consequatur voluptatibus saepe. Fugit aliquam facilis nulla qui est porro est temporibus.', 4, '2018-09-11 19:35:50', '2018-09-11 19:35:50'),
(18, 38, 'Claud Douglas', 'A et qui aliquam id veniam recusandae. Vel et earum inventore. Ipsa quas voluptas ipsum et quasi voluptatibus. Corporis molestiae ea ex qui sit. Esse perspiciatis dicta porro ipsa sunt.', 3, '2018-09-11 19:35:50', '2018-09-11 19:35:50'),
(19, 25, 'Rowena Heller I', 'Quia labore sequi beatae nulla quaerat voluptatem dolor. Corporis asperiores facilis omnis distinctio. Architecto veritatis qui quam quisquam excepturi iusto quo animi. Nostrum atque et asperiores omnis iste deserunt quo itaque.', 2, '2018-09-11 19:35:50', '2018-09-11 19:35:50'),
(20, 1, 'Mrs. Berniece Welch Sr.', 'Illo quam non sed dolor aperiam quae libero. Esse aut porro magnam architecto tempore adipisci odio facere. Hic illum amet non quis voluptatibus nisi harum.', 1, '2018-09-11 19:35:50', '2018-09-11 19:35:50'),
(21, 45, 'Greta Gaylord III', 'Officiis accusamus architecto repudiandae illo fuga molestiae. Modi libero quas eius illo ut consequatur. Sequi beatae voluptatem explicabo voluptatem amet nesciunt. Sint perspiciatis rerum omnis libero voluptas recusandae. Consequatur quidem voluptates ab consequatur rerum ut.', 3, '2018-09-11 19:35:51', '2018-09-11 19:35:51'),
(22, 14, 'Florine Durgan', 'Hic illum nobis deserunt saepe ex temporibus voluptatem. Libero magni aperiam dolore ut id. Laborum aut dolorum nihil et magnam. Dolores tempore dolorum nulla sunt vel.', 2, '2018-09-11 19:35:51', '2018-09-11 19:35:51'),
(23, 34, 'Norwood Witting', 'Id sint excepturi illum fuga fugiat nulla. Beatae sunt voluptate neque vero ea eos. Modi dignissimos illo quibusdam voluptatem officiis quo soluta. Veniam fuga quia distinctio est animi velit ut.', 5, '2018-09-11 19:35:51', '2018-09-11 19:35:51'),
(24, 1, 'Prof. Koby Lueilwitz', 'Quia veniam ab qui accusantium molestiae. Deleniti eum officiis numquam necessitatibus temporibus. Sint possimus sint et sequi ex qui excepturi. Rerum quis voluptates aut dolore ad.', 5, '2018-09-11 19:35:51', '2018-09-11 19:35:51'),
(25, 21, 'Cleta Hilpert', 'Dolore culpa expedita blanditiis delectus consequatur in corrupti. Odio sapiente sit iste corporis dolor veniam. Minima et cupiditate laboriosam sint possimus odit accusamus. A sit non adipisci commodi recusandae quo.', 0, '2018-09-11 19:35:51', '2018-09-11 19:35:51'),
(26, 43, 'Warren Kassulke', 'Est laudantium suscipit aut atque qui. Et vitae qui sed nisi. Minus quae blanditiis explicabo sint quo.', 1, '2018-09-11 19:35:51', '2018-09-11 19:35:51'),
(27, 34, 'Miss Tessie Reinger DVM', 'Quo dolores voluptatibus atque porro. Quod esse alias et quis quia rerum aperiam. Eum quis dolorem modi debitis ducimus ut.', 4, '2018-09-11 19:35:51', '2018-09-11 19:35:51'),
(28, 49, 'Dr. Bradford Bartoletti', 'Libero ut omnis natus atque. Vero porro vitae ut nihil numquam eos ut dolorem. Occaecati beatae et corrupti a debitis adipisci a. Pariatur aspernatur ducimus voluptatem alias tempore.', 4, '2018-09-11 19:35:51', '2018-09-11 19:35:51'),
(29, 6, 'Gwendolyn Schroeder', 'Sint nobis dolores aut nesciunt laboriosam ipsam. Asperiores minima est molestias. Nihil sint harum voluptatem voluptatem id porro. Porro dolor quo quia cupiditate et dolore qui.', 4, '2018-09-11 19:35:51', '2018-09-11 19:35:51'),
(30, 40, 'Mrs. Filomena Kohler', 'Expedita officiis illo ad aliquid nemo adipisci. Consequatur similique placeat non accusamus non. Nemo earum cupiditate ut eligendi quia porro. Autem sed nulla accusantium quia dolore. Saepe eligendi fuga voluptate vitae est.', 3, '2018-09-11 19:35:51', '2018-09-11 19:35:51'),
(31, 21, 'Mr. Korbin West I', 'Occaecati ut libero itaque illo voluptatem accusamus ullam. Fugiat explicabo magni sunt laborum nostrum optio qui tempora. Ducimus non eum est distinctio.', 3, '2018-09-11 19:35:51', '2018-09-11 19:35:51'),
(32, 12, 'Cristian Beahan', 'Distinctio et recusandae voluptatum optio harum. Voluptas consequatur doloribus deleniti hic qui autem. Dignissimos rerum qui qui maxime. Nihil beatae maxime expedita commodi commodi cumque rerum.', 4, '2018-09-11 19:35:51', '2018-09-11 19:35:51'),
(33, 33, 'Pearlie Brakus DVM', 'Amet eos enim quia neque esse accusamus quo. Deleniti fugit et nihil rerum vel. Occaecati aperiam tempora cumque et ad deleniti harum voluptates. Aut reprehenderit id iusto nobis quam quo necessitatibus labore.', 1, '2018-09-11 19:35:51', '2018-09-11 19:35:51'),
(34, 40, 'Zelma Cassin', 'Rem id eum nam. Dignissimos doloribus minima odio molestiae illo ut voluptates. Eos est odit harum dolorum neque voluptatem dolorem. Ut ut dolores eum quibusdam culpa pariatur adipisci.', 4, '2018-09-11 19:35:51', '2018-09-11 19:35:51'),
(35, 44, 'Kaycee Jerde', 'Delectus dolorem quis non exercitationem ut. Minus harum molestias illo blanditiis vel ut. Ipsa est et ex vitae excepturi. Qui officia dolores et quisquam aut.', 2, '2018-09-11 19:35:51', '2018-09-11 19:35:51'),
(36, 1, 'Jacky Fritsch', 'Est expedita quaerat architecto quis quia. Temporibus temporibus recusandae atque quam commodi earum omnis deleniti. Sint quod in labore exercitationem molestias.', 3, '2018-09-11 19:35:51', '2018-09-11 19:35:51'),
(37, 25, 'Benton Rath', 'Omnis totam quia voluptas deserunt error. Itaque vero sequi sint eum quo blanditiis. At tempore tempora quisquam deleniti. Ipsum adipisci unde placeat deserunt labore nostrum.', 5, '2018-09-11 19:35:51', '2018-09-11 19:35:51'),
(38, 15, 'Celia Champlin', 'Ab et eaque sapiente. Ad tempore iure deserunt sed suscipit saepe qui. Quis id nulla facere aut.', 2, '2018-09-11 19:35:51', '2018-09-11 19:35:51'),
(39, 20, 'Donnell Waters', 'Et temporibus qui quidem mollitia et. Exercitationem quae molestias quis est ipsa. Quae non laudantium dolore et ipsam.', 1, '2018-09-11 19:35:52', '2018-09-11 19:35:52'),
(40, 48, 'Mr. Watson Weimann Sr.', 'Totam quibusdam perspiciatis atque beatae optio veritatis voluptatem. Enim sed ut omnis recusandae harum sint. Quisquam eligendi qui laborum sapiente sapiente alias magni. Minima placeat neque ex quis sequi modi porro. Rerum omnis blanditiis dicta aut rerum.', 0, '2018-09-11 19:35:52', '2018-09-11 19:35:52'),
(41, 41, 'Roman Heller', 'Modi et impedit officia reprehenderit non culpa. Commodi nemo omnis omnis omnis error assumenda. Beatae ut praesentium iure nam velit voluptate accusantium. Accusamus molestiae voluptates in nihil.', 5, '2018-09-11 19:35:52', '2018-09-11 19:35:52'),
(42, 37, 'Sincere Volkman', 'Beatae velit impedit quidem quia. Consectetur ipsa voluptatem impedit accusamus dolores officia quaerat. Fugit eius consequatur ipsa nobis officiis.', 5, '2018-09-11 19:35:52', '2018-09-11 19:35:52'),
(43, 43, 'Maurice Jacobi', 'Deserunt porro quaerat ipsam autem temporibus. Et fugiat expedita ut maiores. Quia rem aliquid voluptas quis vero molestiae.', 5, '2018-09-11 19:35:52', '2018-09-11 19:35:52'),
(44, 33, 'Dr. Maritza Hagenes', 'Et assumenda ut repellendus sed voluptatem cum est. Porro error laborum voluptatum doloribus inventore. Tempore modi et quas. Eum id repudiandae itaque quod ea et culpa.', 1, '2018-09-11 19:35:52', '2018-09-11 19:35:52'),
(45, 19, 'Mr. Geovanni Abernathy MD', 'Vitae tenetur qui incidunt. Ut voluptas modi ut odio est. Est unde commodi perferendis explicabo.', 2, '2018-09-11 19:35:52', '2018-09-11 19:35:52'),
(46, 42, 'Alba Schinner', 'Fuga possimus exercitationem in culpa. Corporis quaerat minus maiores voluptas voluptatem excepturi omnis adipisci. In ratione recusandae voluptatibus commodi voluptates consequatur eos. Deleniti magnam accusantium beatae in aut soluta.', 2, '2018-09-11 19:35:52', '2018-09-11 19:35:52'),
(47, 24, 'Marilou Rice', 'Vitae quis tenetur consequatur praesentium. Nesciunt et aperiam saepe eum. Rerum consectetur rerum et quidem fugit occaecati. Sint repellendus minus voluptatem doloremque consequuntur est debitis non.', 3, '2018-09-11 19:35:52', '2018-09-11 19:35:52'),
(48, 36, 'Cecilia Koss', 'Omnis optio aut eum. Qui facere doloremque consequatur rerum nobis.', 5, '2018-09-11 19:35:52', '2018-09-11 19:35:52'),
(49, 15, 'Naomi Wiegand', 'Nihil voluptas tenetur laboriosam qui rerum impedit et. Saepe non a quia ullam atque. Et deleniti et vel. Ipsa sequi magni harum voluptatem eum autem vel.', 1, '2018-09-11 19:35:52', '2018-09-11 19:35:52'),
(50, 36, 'Karelle Heathcote', 'Provident voluptatibus beatae animi ex ratione explicabo eligendi. Rem quo aut quo ipsa. Aut exercitationem eveniet sed perferendis culpa ex.', 3, '2018-09-11 19:35:53', '2018-09-11 19:35:53'),
(51, 37, 'Asa Hegmann DDS', 'Est laboriosam modi quis quis maiores aperiam sunt totam. Itaque illum odio ut dolorem mollitia molestias in. Rerum voluptatem esse tenetur aperiam.', 2, '2018-09-11 19:35:53', '2018-09-11 19:35:53'),
(52, 26, 'Ms. Delpha Thompson', 'Et veritatis quibusdam et voluptas eum. Possimus tempora blanditiis dolores quod. Omnis magnam quia qui quod ut in repellendus. Earum et voluptatem dolor ut natus.', 4, '2018-09-11 19:35:53', '2018-09-11 19:35:53'),
(53, 33, 'Kody Anderson', 'Quia ratione adipisci quis non modi. Quos et culpa sed alias quas.', 1, '2018-09-11 19:35:53', '2018-09-11 19:35:53'),
(54, 4, 'Zelma Padberg', 'Reprehenderit consequatur aspernatur est quaerat nihil. Sit at eius voluptatem.', 3, '2018-09-11 19:35:53', '2018-09-11 19:35:53'),
(55, 6, 'Katherine Sipes', 'Omnis distinctio inventore quo inventore. Ut vel eligendi ipsam. Soluta minima voluptas tempore optio adipisci.', 3, '2018-09-11 19:35:53', '2018-09-11 19:35:53'),
(56, 10, 'Prof. Mikel Nienow DDS', 'Aut fugiat maxime vel maxime modi. Veniam incidunt quo quidem qui enim ullam sunt.', 2, '2018-09-11 19:35:53', '2018-09-11 19:35:53'),
(57, 11, 'Tristian Littel Jr.', 'Est iusto aut perspiciatis aut repudiandae consectetur. Dignissimos dolores neque voluptas cum veritatis officia aliquid. Tempore ducimus illo quo aut alias nulla.', 2, '2018-09-11 19:35:53', '2018-09-11 19:35:53'),
(58, 24, 'Carolina Stanton', 'Consectetur qui dignissimos aliquam tempora quaerat eum. Totam sint et error nam vel repudiandae. Eaque quis at quam eum consequatur eaque doloribus distinctio. Commodi voluptas blanditiis doloremque.', 3, '2018-09-11 19:35:53', '2018-09-11 19:35:53'),
(59, 5, 'Dr. Guiseppe Koch', 'Qui consequuntur nulla fugit nihil dicta et. Ad mollitia ut corrupti provident et voluptas. Ipsum quasi dolorem est tempore.', 5, '2018-09-11 19:35:53', '2018-09-11 19:35:53'),
(60, 9, 'Warren Gislason', 'Est ut modi ipsa incidunt possimus iusto. Doloribus voluptatum suscipit veniam saepe. Sed laboriosam autem vitae recusandae.', 0, '2018-09-11 19:35:53', '2018-09-11 19:35:53'),
(61, 32, 'Prof. Avis Fay', 'Possimus et iusto molestias. Qui repellendus vel eos repellat. Et minima est minima sed recusandae eum dolore.', 5, '2018-09-11 19:35:53', '2018-09-11 19:35:53'),
(62, 33, 'Mrs. Mercedes Bruen', 'Voluptas voluptatem eius aut occaecati qui molestias quaerat. Rerum non vel eum voluptatum. Quia dolorem et sapiente quia expedita enim. Quidem voluptas non quod.', 0, '2018-09-11 19:35:53', '2018-09-11 19:35:53'),
(63, 30, 'Haylee Hackett', 'Amet aut in est et laudantium. Eos sint eius porro labore quia modi eum. Voluptatem ea amet impedit. Aperiam quasi aut quia omnis.', 0, '2018-09-11 19:35:53', '2018-09-11 19:35:53'),
(64, 1, 'Prof. Holly Braun IV', 'Est iste id corrupti voluptas sint. Minima odio et quia eum. Animi autem corrupti fuga.', 0, '2018-09-11 19:35:53', '2018-09-11 19:35:53'),
(65, 41, 'Alice Stanton DDS', 'Est eum sapiente dolorem. Tempora dolores ea ut et id voluptatem labore. Quo earum sed ipsum eos aut. Aut eos accusamus repellendus aliquam ut.', 1, '2018-09-11 19:35:53', '2018-09-11 19:35:53'),
(66, 33, 'Miss Katrina Nader DVM', 'Et quo expedita ut eius. Dolores excepturi labore minima cum quasi et. Pariatur qui qui est.', 4, '2018-09-11 19:35:53', '2018-09-11 19:35:53'),
(67, 2, 'Barrett Kerluke', 'Aliquid aliquam quia odit deleniti laboriosam sit consequatur. Quia corrupti unde dolores ut accusantium. Labore sint asperiores ut. Aspernatur recusandae aperiam ipsa enim.', 0, '2018-09-11 19:35:53', '2018-09-11 19:35:53'),
(68, 6, 'Germaine Haag', 'Repellendus facilis inventore eaque enim. Quo inventore odio impedit id aut assumenda ratione. Maiores voluptatem est animi repellendus voluptate. Soluta aperiam tempora autem.', 5, '2018-09-11 19:35:54', '2018-09-11 19:35:54'),
(69, 11, 'Ona Vandervort', 'Id quia alias ipsam fuga sunt. Distinctio ea ipsa nam porro aliquam ea. Fugit et sed quasi libero dolores ipsam nesciunt.', 5, '2018-09-11 19:35:54', '2018-09-11 19:35:54'),
(70, 43, 'Cole Windler', 'Aut incidunt minus saepe vel minima expedita. Quibusdam illo rerum eum nesciunt maiores. Quasi sunt non est.', 0, '2018-09-11 19:35:54', '2018-09-11 19:35:54'),
(71, 24, 'Robert Spinka DDS', 'Ea sequi facilis eum quidem et earum. Voluptas itaque nihil magnam dolorem commodi laborum. Cumque quia qui sunt. Nobis perspiciatis tenetur sed facere nobis deleniti.', 1, '2018-09-11 19:35:54', '2018-09-11 19:35:54'),
(72, 40, 'Alyce Stroman', 'Dolores ut officiis non consequatur ut enim et. Odio sunt sunt voluptates magnam aut itaque. Et nemo sed provident molestiae quidem.', 4, '2018-09-11 19:35:54', '2018-09-11 19:35:54'),
(73, 47, 'Hilbert Dach', 'Omnis alias explicabo aliquid dolores quisquam. Eum eius eaque eos accusamus. Debitis facere est ea vel quisquam. Et eligendi nihil quidem et harum voluptatem ad.', 4, '2018-09-11 19:35:54', '2018-09-11 19:35:54'),
(74, 27, 'Miss Alvina Olson I', 'Aut in sapiente consequatur quis. Et nobis voluptas illum expedita. Qui neque nostrum et ut id tenetur occaecati.', 1, '2018-09-11 19:35:54', '2018-09-11 19:35:54'),
(75, 5, 'Chadd Bartell', 'Vitae quam deserunt omnis consectetur ea ut. In deleniti quam facilis et at et sint. Unde dolores vel repudiandae doloribus. Omnis sunt consequuntur illum cupiditate. Qui est recusandae aperiam tempore voluptas.', 5, '2018-09-11 19:35:54', '2018-09-11 19:35:54'),
(76, 33, 'Brisa Zemlak', 'Odio atque et cupiditate ut. Error et libero voluptatem suscipit corporis aut deserunt accusantium. Tempora natus vero fuga aperiam inventore enim.', 4, '2018-09-11 19:35:54', '2018-09-11 19:35:54'),
(77, 45, 'Everette Mann', 'Est quod quisquam fugit nesciunt odit. Aperiam molestiae nostrum sit sint omnis accusantium.', 0, '2018-09-11 19:35:54', '2018-09-11 19:35:54'),
(78, 20, 'Shane Reichel', 'Eligendi id autem omnis corrupti architecto vitae quia. Nulla quisquam nesciunt quisquam necessitatibus alias.', 1, '2018-09-11 19:35:54', '2018-09-11 19:35:54'),
(79, 27, 'Haylie Kshlerin', 'Aut voluptatem earum temporibus eum voluptatum. Dignissimos aspernatur nihil numquam earum voluptatem. Autem voluptas voluptas sapiente non magnam amet. Qui fugiat aliquam voluptatem omnis.', 2, '2018-09-11 19:35:54', '2018-09-11 19:35:54'),
(80, 13, 'Nina Hayes', 'Aut perferendis quia iste quam et. Dolores aut voluptas non quaerat iste sit.', 3, '2018-09-11 19:35:54', '2018-09-11 19:35:54'),
(81, 34, 'Dr. Granville Conn', 'Odit maiores asperiores adipisci nemo. Inventore reiciendis rerum blanditiis et et tenetur ut. Illo quisquam aspernatur dolorum recusandae. In corporis ab vero ut.', 3, '2018-09-11 19:35:54', '2018-09-11 19:35:54'),
(82, 2, 'Wilfredo Volkman III', 'Voluptate nobis voluptatibus deserunt sunt et optio soluta in. Quo ex ducimus qui illo corporis odit. Nulla sapiente id doloremque sapiente ipsam. Laborum veniam impedit ut nulla laborum sed.', 2, '2018-09-11 19:35:54', '2018-09-11 19:35:54'),
(83, 9, 'Leonie Koelpin', 'Veniam reprehenderit minima odit libero omnis aut consequuntur. Autem explicabo tempore quaerat aut aut. Sapiente deleniti ea ut exercitationem voluptas eum est rem.', 5, '2018-09-11 19:35:55', '2018-09-11 19:35:55'),
(84, 37, 'Prof. Dessie Hodkiewicz II', 'Aliquid ipsum ullam optio qui animi eum recusandae. Rerum est voluptate veniam aut eos maxime. Ex cum dolores deserunt culpa et quisquam. Perspiciatis aut eveniet non sunt hic dignissimos.', 5, '2018-09-11 19:35:55', '2018-09-11 19:35:55'),
(85, 46, 'Ms. Jewel Cronin MD', 'Natus provident voluptatem omnis pariatur. Nemo autem nihil qui delectus dolorem. Nulla minima molestiae molestiae molestias.', 0, '2018-09-11 19:35:55', '2018-09-11 19:35:55'),
(86, 32, 'Coty Friesen', 'Ad laudantium qui est inventore vero. Molestias autem similique aut quia unde impedit sit numquam. Dolore aliquam praesentium quia quaerat totam eos. Sunt nam beatae veniam rerum dignissimos sunt cum.', 1, '2018-09-11 19:35:55', '2018-09-11 19:35:55'),
(87, 49, 'Coleman Johnston', 'Officia occaecati est ut et doloremque. Et et consequatur porro dolores accusantium. Id laudantium voluptatem non necessitatibus explicabo modi earum porro.', 3, '2018-09-11 19:35:55', '2018-09-11 19:35:55'),
(88, 50, 'Dr. Lyric Bailey Sr.', 'Commodi odio aut neque. Odit nisi eos error magnam velit maxime nulla. Ipsa id quidem facere sunt aut dolorem. Quis omnis natus sed quaerat distinctio cupiditate molestiae est. Quae facere libero qui corrupti dolores et.', 0, '2018-09-11 19:35:55', '2018-09-11 19:35:55'),
(89, 1, 'Sage Kovacek IV', 'Iste culpa aut repellendus corporis minima voluptatibus. Quia libero nam autem aut doloremque corporis consequatur. Nisi et quia fugit neque atque soluta.', 0, '2018-09-11 19:35:55', '2018-09-11 19:35:55'),
(90, 16, 'Jamarcus Jones', 'Molestiae laboriosam facilis enim perferendis sapiente nemo sit. Laborum perferendis assumenda ut asperiores voluptatem. Ratione vero cumque sunt dolorum qui veritatis. Est beatae inventore iste pariatur omnis.', 5, '2018-09-11 19:35:55', '2018-09-11 19:35:55'),
(91, 17, 'Fidel Renner', 'Non vero adipisci quasi provident et. Doloribus ex nihil error eos rem velit qui. Aut est aliquid in sapiente velit assumenda. Ratione hic eos officiis suscipit.', 2, '2018-09-11 19:35:55', '2018-09-11 19:35:55'),
(92, 41, 'Tremayne Bechtelar Sr.', 'Officiis qui et cumque alias nisi qui. Non rem placeat fugit esse porro. Cum autem rerum consequatur praesentium tempora ut. Maiores corporis culpa rem ratione consequuntur quos et.', 1, '2018-09-11 19:35:55', '2018-09-11 19:35:55'),
(93, 11, 'Lisandro Satterfield', 'Occaecati temporibus est sapiente et nulla facere. Voluptates voluptatem laudantium aspernatur alias. Sequi tempore iusto cupiditate mollitia. Possimus natus totam est suscipit at.', 4, '2018-09-11 19:35:55', '2018-09-11 19:35:55'),
(94, 37, 'Dr. Clementine Wintheiser DVM', 'Molestiae quidem est explicabo. Molestiae temporibus quae laborum. Perferendis esse dignissimos et corporis maiores non. Id corrupti numquam unde veniam culpa.', 5, '2018-09-11 19:35:55', '2018-09-11 19:35:55'),
(95, 16, 'Bonnie Quitzon', 'Et dolores sapiente deleniti voluptates sequi pariatur inventore. Et sed numquam consequatur. Quis reiciendis adipisci doloribus eos accusantium.', 0, '2018-09-11 19:35:55', '2018-09-11 19:35:55'),
(96, 10, 'Gayle Jones', 'Eius corrupti odit blanditiis et. Quo nobis rem ea. Est quibusdam nostrum doloribus natus accusantium vero vel. Quis saepe quis enim ea id distinctio.', 2, '2018-09-11 19:35:55', '2018-09-11 19:35:55'),
(97, 31, 'Dr. Maynard Nikolaus MD', 'Consectetur dolorem neque aut nostrum. Ad sit in soluta exercitationem maiores ipsum neque. Voluptatibus et magni molestiae culpa ullam est.', 1, '2018-09-11 19:35:55', '2018-09-11 19:35:55'),
(98, 28, 'Deontae Schulist', 'Illum perspiciatis quo rem ratione. Quisquam odio sed dolores et. Facere facilis qui modi odit doloremque. Consequatur vero quis non quia perferendis veritatis nam. Aut tempora qui ratione nulla voluptates.', 2, '2018-09-11 19:35:55', '2018-09-11 19:35:55'),
(99, 41, 'Chance Haag I', 'Qui adipisci velit nostrum nesciunt nulla illo distinctio. Eos sunt sit doloremque quae. Rem minima omnis ut est doloremque. Sed id voluptatem aut.', 3, '2018-09-11 19:35:55', '2018-09-11 19:35:55'),
(100, 28, 'Sharon Labadie', 'Beatae excepturi optio odio voluptates. Id magni minus non et. Assumenda et molestiae nostrum. Nobis ea eveniet est explicabo nesciunt.', 0, '2018-09-11 19:35:55', '2018-09-11 19:35:55'),
(101, 2, 'Kaleigh Turner', 'Et quo necessitatibus recusandae odit culpa aliquid animi enim. Eum in rerum quod incidunt ducimus quod et. Sint tempore consequuntur suscipit consequatur.', 2, '2018-09-11 19:35:55', '2018-09-11 19:35:55'),
(102, 23, 'Prof. Kaden Lemke MD', 'Sequi suscipit non rem et. Ipsum voluptatum dolorem et eveniet id dolor voluptatibus. Est impedit quas corrupti eaque deserunt rem. Magnam esse tempore sapiente rerum accusamus aut blanditiis. Consequatur sit iusto magnam laudantium iure voluptate perferendis.', 4, '2018-09-11 19:35:56', '2018-09-11 19:35:56'),
(103, 14, 'Mohamed Schmeler', 'Dolorem magni voluptatibus magnam non ut quo. Ipsa soluta in quia nemo. Exercitationem et asperiores voluptas nulla dolorum est unde ipsum. Vel reprehenderit tenetur quia hic unde dolor.', 4, '2018-09-11 19:35:56', '2018-09-11 19:35:56'),
(104, 46, 'Moses Miller', 'Reiciendis quidem est laborum voluptas impedit. Quis beatae excepturi sint fuga minus et voluptatum.', 0, '2018-09-11 19:35:56', '2018-09-11 19:35:56'),
(105, 27, 'Prof. Stephen Mraz DVM', 'Veritatis officiis praesentium ut velit ratione quia natus. Quis alias fugiat aliquid dolor rerum sit necessitatibus dolorem. Explicabo officia reprehenderit voluptates nulla.', 3, '2018-09-11 19:35:56', '2018-09-11 19:35:56'),
(106, 14, 'Mohammed Borer', 'Accusamus beatae cumque et corporis. Et ea expedita quis itaque. Odio voluptas occaecati explicabo libero voluptatibus magni sed.', 4, '2018-09-11 19:35:56', '2018-09-11 19:35:56'),
(107, 1, 'Hubert Hartmann', 'Temporibus omnis sit molestiae maxime. Dolores reprehenderit est debitis qui. Dolore labore enim autem veritatis deleniti laudantium dolor. Ipsa facere est omnis voluptate voluptas.', 5, '2018-09-11 19:35:56', '2018-09-11 19:35:56'),
(108, 36, 'Derrick Frami', 'Suscipit maiores odit consequatur consequuntur repellat. Consectetur accusantium aut illo error officia. Vel et accusamus consectetur debitis quia vero explicabo. Recusandae et quia placeat non. Ipsum expedita et assumenda doloribus numquam omnis.', 3, '2018-09-11 19:35:56', '2018-09-11 19:35:56'),
(109, 22, 'Marjorie Abshire', 'Voluptas iusto nihil quia delectus. Rem possimus natus in praesentium. Perferendis sequi modi nostrum illum enim. Minima voluptatum omnis fuga et itaque dolor. Maxime saepe et ipsa.', 3, '2018-09-11 19:35:56', '2018-09-11 19:35:56'),
(110, 29, 'Diego Blick', 'Ipsam omnis dolor dolor amet. Id doloremque at rerum et. Reprehenderit et qui ducimus. Non ea neque et nostrum totam possimus dolorem.', 4, '2018-09-11 19:35:56', '2018-09-11 19:35:56'),
(111, 7, 'Wilford Trantow Sr.', 'Aliquam nostrum facilis error. Quia occaecati et eaque. Provident maiores unde aut odio. Maiores nisi nihil corporis enim amet sint.', 3, '2018-09-11 19:35:56', '2018-09-11 19:35:56'),
(112, 14, 'Darion Beer Sr.', 'Neque aperiam commodi exercitationem dolorum ut nobis. Est hic ipsa corporis quia nesciunt. Earum officiis dolorum magni ut magni cum. Id deserunt id sit inventore quia.', 0, '2018-09-11 19:35:56', '2018-09-11 19:35:56'),
(113, 34, 'Adah Abernathy', 'Mollitia placeat cumque ipsum perferendis eos. Et ab labore explicabo quis voluptatem. Qui et modi non sed. Ut ut officiis autem vel saepe iste ut.', 1, '2018-09-11 19:35:56', '2018-09-11 19:35:56'),
(114, 17, 'Elwin Reynolds', 'Ex dolor quos ratione vel aliquid et voluptas. Saepe aliquam aliquid rem aut. Et ad quia voluptatem excepturi est illo quaerat qui.', 2, '2018-09-11 19:35:56', '2018-09-11 19:35:56'),
(115, 49, 'Gabe Heaney', 'Odit iusto ut quaerat quis consequuntur qui impedit architecto. Quo quibusdam non molestiae deleniti aut.', 5, '2018-09-11 19:35:56', '2018-09-11 19:35:56'),
(116, 37, 'Prof. Roberta Glover Sr.', 'Architecto nesciunt aut omnis sunt. Quisquam eius eum dolorem sapiente. Commodi placeat corrupti odio eum quidem neque odit vero. Qui qui dolores eum consequatur distinctio ipsa tempore.', 5, '2018-09-11 19:35:56', '2018-09-11 19:35:56'),
(117, 33, 'Lera Kiehn IV', 'Perferendis expedita mollitia in possimus maxime. Voluptates aut est dolorum iure.', 3, '2018-09-11 19:35:56', '2018-09-11 19:35:56'),
(118, 14, 'Dr. Jaime Zulauf', 'Odit ut consequuntur non exercitationem ex animi. Earum vel nihil rerum inventore et. Vitae rerum voluptatum voluptatem expedita sint praesentium. Qui explicabo voluptates sint modi sequi aut sed sint. Laborum sunt quo sed.', 2, '2018-09-11 19:35:56', '2018-09-11 19:35:56'),
(119, 43, 'Prof. Andrew Jakubowski', 'Accusamus in ullam dolor aut alias. Amet ut accusantium numquam provident eaque non et qui. Et unde quos nemo in deserunt.', 3, '2018-09-11 19:35:56', '2018-09-11 19:35:56'),
(120, 10, 'Dr. Frida Glover I', 'Esse omnis iste aut quia quis quidem id. Consectetur id dolorem vel ipsa nesciunt eos qui. Sit dolore autem corporis.', 3, '2018-09-11 19:35:57', '2018-09-11 19:35:57'),
(121, 41, 'Bridgette Schmidt', 'Sed omnis est expedita alias doloremque. A est ea dolorem amet natus. Non cumque commodi itaque dolores eos eum. Et qui sint deserunt qui ea.', 0, '2018-09-11 19:35:57', '2018-09-11 19:35:57'),
(122, 1, 'Cielo Goldner', 'Ipsum voluptas reiciendis magnam et. Repellendus ducimus sit eveniet velit ut dolores tempore. Beatae suscipit optio quia earum officia voluptatum et eligendi. Inventore nisi et officia eos nostrum nihil sit.', 1, '2018-09-11 19:35:57', '2018-09-11 19:35:57'),
(123, 36, 'Jason Kertzmann I', 'Laudantium et magni voluptatem nostrum maiores eos molestiae. Inventore quis laboriosam iure ducimus sapiente exercitationem. Qui dolorum nihil soluta quia voluptatum beatae placeat molestiae.', 3, '2018-09-11 19:35:57', '2018-09-11 19:35:57'),
(124, 33, 'Prof. Nichole Mitchell', 'Ut earum eligendi est consectetur nemo. Fuga perferendis eos at cum et. Est fuga temporibus at voluptatem dolorem inventore ut.', 1, '2018-09-11 19:35:57', '2018-09-11 19:35:57'),
(125, 14, 'Axel Wiza', 'Laboriosam dolor explicabo voluptas magnam nihil omnis voluptas magnam. Molestiae nostrum nulla laborum. Et nulla quae officiis et fugit. Ducimus aliquid non aut porro quis consequatur.', 3, '2018-09-11 19:35:57', '2018-09-11 19:35:57'),
(126, 40, 'Dr. Nathen Gleason IV', 'Quo exercitationem eius debitis dolorem perferendis aut fuga. Quae facere autem quo nihil qui magni.', 3, '2018-09-11 19:35:57', '2018-09-11 19:35:57'),
(127, 29, 'Dr. Americo Stroman DVM', 'Consequatur illum vero quisquam ex est. Odit eum odio praesentium quam et tenetur. Et placeat dolor eum quam ut aut ut. Similique in qui omnis ratione eveniet.', 4, '2018-09-11 19:35:57', '2018-09-11 19:35:57'),
(128, 49, 'Emilie Bashirian', 'Sapiente excepturi aliquid amet cupiditate. Eos ipsa reiciendis tempora cupiditate rerum aspernatur consequuntur dolorem. Tempora non repudiandae beatae illo eum harum excepturi. Est cumque minus asperiores blanditiis optio doloremque. Magni et qui nihil sit id.', 2, '2018-09-11 19:35:57', '2018-09-11 19:35:57'),
(129, 27, 'Mrs. Darlene Hermiston I', 'Consectetur sequi et sit debitis. Explicabo qui delectus dolorum asperiores odit consequatur. Necessitatibus ut quis perspiciatis quaerat.', 0, '2018-09-11 19:35:57', '2018-09-11 19:35:57'),
(130, 48, 'Mr. Constantin Bradtke IV', 'Dolorem et unde doloremque neque. Distinctio voluptatibus tempora est eius. Commodi cumque nemo cupiditate sunt.', 1, '2018-09-11 19:35:57', '2018-09-11 19:35:57'),
(131, 25, 'Dr. Yadira Prohaska', 'Incidunt facere magnam non. Quo quod eum libero temporibus ipsam amet qui.', 1, '2018-09-11 19:35:57', '2018-09-11 19:35:57'),
(132, 4, 'Dr. Alaina Senger I', 'Ipsam ipsum at suscipit. Aliquid repudiandae non et provident deserunt iusto deleniti sapiente. Dolores et sequi facilis iste. Tenetur facilis recusandae quos officia. Quaerat nemo officiis voluptatibus.', 4, '2018-09-11 19:35:57', '2018-09-11 19:35:57'),
(133, 6, 'Prof. Arielle Gerhold', 'Aspernatur labore hic qui sed qui esse voluptas. Et saepe accusamus rerum dicta porro quos voluptas. Voluptas ex qui similique ut quisquam. Asperiores eveniet minus maxime vel minus temporibus iste.', 2, '2018-09-11 19:35:57', '2018-09-11 19:35:57'),
(134, 11, 'Prof. Patrick Volkman', 'Voluptate qui velit iusto quasi. Ratione quidem necessitatibus deleniti vitae.', 2, '2018-09-11 19:35:57', '2018-09-11 19:35:57'),
(135, 39, 'Rozella Prohaska PhD', 'Repellat dolor magnam minima delectus nesciunt. Neque tenetur consectetur commodi et culpa dolores eos et. Quibusdam minus ut maxime aut.', 5, '2018-09-11 19:35:57', '2018-09-11 19:35:57'),
(136, 43, 'Jedediah Murray', 'Corrupti sint libero tempore aut cupiditate voluptatem. Ut amet sit necessitatibus est voluptate. Omnis blanditiis ratione fugit repellat et. Assumenda perspiciatis aut qui et earum.', 3, '2018-09-11 19:35:57', '2018-09-11 19:35:57'),
(137, 23, 'Dr. Peter Jakubowski Jr.', 'Omnis distinctio omnis hic. Debitis officiis rem consectetur consequatur. Dignissimos in rerum laboriosam dolores dignissimos soluta saepe. Sed vero quaerat voluptas saepe.', 5, '2018-09-11 19:35:58', '2018-09-11 19:35:58'),
(138, 39, 'Kennith Kuvalis', 'Est qui autem nostrum et sit. Et vero aliquid et. Aut aliquid et ipsam libero sed minima assumenda omnis. Corrupti quia voluptate est dolores.', 0, '2018-09-11 19:35:58', '2018-09-11 19:35:58'),
(139, 22, 'Kelsi Stehr', 'Aut ut dolores hic voluptas saepe voluptas. Voluptas doloremque officiis rerum. Ipsam voluptas sed blanditiis consequuntur.', 5, '2018-09-11 19:35:58', '2018-09-11 19:35:58'),
(140, 29, 'Ayana Olson DVM', 'Error esse asperiores quo sint perferendis. Et omnis inventore expedita dolor incidunt. Qui molestias culpa officiis et molestiae sint sint.', 1, '2018-09-11 19:35:58', '2018-09-11 19:35:58'),
(141, 46, 'Ashly Rutherford', 'Nulla atque quia quos vel omnis voluptas dolores. Rerum recusandae eligendi vel doloremque ut dicta. Molestiae voluptatem natus officiis possimus.', 2, '2018-09-11 19:35:58', '2018-09-11 19:35:58'),
(142, 3, 'Loyce Gulgowski', 'Ullam eos sint molestiae a mollitia voluptatem consequuntur. Sit est provident error. Sed alias veniam rem reiciendis rerum quisquam rem aut. Aliquam veniam expedita sequi aut earum quaerat.', 5, '2018-09-11 19:35:58', '2018-09-11 19:35:58'),
(143, 40, 'Foster Hackett', 'Hic tempora quidem earum corrupti consequatur. Nostrum ratione quos totam doloribus. Quisquam sit voluptas autem perferendis accusantium voluptas occaecati.', 0, '2018-09-11 19:35:58', '2018-09-11 19:35:58'),
(144, 11, 'Pearlie Kreiger', 'Fugit est consequatur ad enim. Qui qui consequatur expedita aut nisi quae facilis. Sequi beatae eos laborum rerum. Ut totam commodi repudiandae dolores tempora. Consequatur sapiente voluptates rerum provident molestiae.', 4, '2018-09-11 19:35:58', '2018-09-11 19:35:58'),
(145, 23, 'Bianka Fahey', 'Rem id qui consequatur dicta dolor minima totam. Et atque porro amet impedit recusandae aut. Sunt consequatur id dolore autem. A laudantium incidunt repellat.', 4, '2018-09-11 19:35:58', '2018-09-11 19:35:58'),
(146, 48, 'Emmet Jaskolski IV', 'Dolorum rerum delectus aspernatur quisquam itaque facere. Natus ex illo vel debitis atque placeat et. Facere inventore incidunt quia sapiente sapiente sint. Porro tenetur et aut sed.', 0, '2018-09-11 19:35:58', '2018-09-11 19:35:58'),
(147, 28, 'Melyssa Langworth', 'Dolorem sint id et sapiente ratione. Quidem cumque velit quisquam sed fuga. Fuga ea et sed non molestias iste.', 2, '2018-09-11 19:35:58', '2018-09-11 19:35:58'),
(148, 34, 'Jaida Adams PhD', 'Autem culpa non ut debitis consectetur vel. Harum quasi consequatur ut eaque vero quisquam assumenda aut. Sint cumque officiis ducimus rerum consectetur sit sapiente. Veniam qui reprehenderit mollitia veritatis sit repellendus et.', 2, '2018-09-11 19:35:58', '2018-09-11 19:35:58'),
(149, 18, 'Naomi Hane PhD', 'Quo cupiditate incidunt quibusdam nobis. Consequuntur non nulla possimus asperiores non voluptates. Omnis dignissimos explicabo mollitia animi debitis et harum.', 5, '2018-09-11 19:35:58', '2018-09-11 19:35:58'),
(150, 46, 'Columbus Hettinger', 'Magnam molestiae aut iusto ipsum non vel ipsa. Eligendi reiciendis consequatur sit vel sit velit. Pariatur sint est quibusdam dolorem voluptatem nulla. Repudiandae magni iusto sunt velit possimus.', 2, '2018-09-11 19:35:58', '2018-09-11 19:35:58'),
(151, 14, 'Pattie Watsica', 'Incidunt laboriosam ipsam excepturi laboriosam. Cupiditate autem voluptatum saepe animi. Sed sapiente illum tempora porro error culpa enim sit.', 5, '2018-09-11 19:35:58', '2018-09-11 19:35:58'),
(152, 10, 'Prof. Dexter Farrell Sr.', 'Saepe dicta facilis velit nihil mollitia nulla. Quod harum ut non. Rerum facilis recusandae nihil omnis aut.', 4, '2018-09-11 19:35:58', '2018-09-11 19:35:58'),
(153, 2, 'Amaya Schoen I', 'Sint doloremque deserunt officiis et nesciunt ut. Eius eligendi quisquam recusandae quasi vel assumenda. Ducimus itaque hic voluptatum molestiae nobis repellat rem eveniet. Aut quasi officiis consequatur eveniet facere illo rerum labore.', 3, '2018-09-11 19:35:58', '2018-09-11 19:35:58'),
(154, 15, 'Magnus Hayes II', 'Animi quae quo ut. Placeat et et assumenda reiciendis aspernatur neque voluptatem blanditiis. Nostrum delectus amet eum. Nulla earum molestiae repudiandae sint excepturi.', 3, '2018-09-11 19:35:59', '2018-09-11 19:35:59'),
(155, 21, 'D\'angelo Anderson', 'Magnam quibusdam voluptatem dolores harum perferendis. Eos ullam magni et culpa. Commodi iure in ipsum.', 5, '2018-09-11 19:35:59', '2018-09-11 19:35:59'),
(156, 18, 'Hilton Sauer', 'Ut architecto libero voluptates veritatis. Facere at eveniet accusamus. Dolores quasi sunt inventore eveniet officia earum dolorum tenetur. Aut nam quo vel optio error rerum.', 1, '2018-09-11 19:35:59', '2018-09-11 19:35:59'),
(157, 10, 'Faye Fay', 'Et eligendi quaerat est et. Repellat consectetur et tempore. Recusandae ducimus molestias in possimus.', 3, '2018-09-11 19:35:59', '2018-09-11 19:35:59'),
(158, 43, 'Mr. Okey Kiehn', 'Saepe non et unde. Labore voluptatum consequatur officia.', 3, '2018-09-11 19:35:59', '2018-09-11 19:35:59'),
(159, 25, 'Tierra Carter', 'Qui porro doloribus voluptas magnam. Voluptatem eum ut omnis natus sunt voluptas. Dicta quia sed nostrum est possimus sapiente. Enim aspernatur ab quia dolore velit ut.', 1, '2018-09-11 19:35:59', '2018-09-11 19:35:59'),
(160, 2, 'Kaitlin Macejkovic', 'Possimus doloremque ut praesentium non eos porro. Odio odio enim exercitationem temporibus aut explicabo corrupti. Officia voluptatibus et nihil sed.', 4, '2018-09-11 19:35:59', '2018-09-11 19:35:59'),
(161, 35, 'Jamey Franecki Sr.', 'Ducimus ut nemo voluptas vel. Ab libero dolores qui nobis. Praesentium consequatur nobis voluptatem quasi similique non.', 4, '2018-09-11 19:35:59', '2018-09-11 19:35:59'),
(162, 50, 'Domenica Halvorson', 'Inventore amet odio vel eos reprehenderit explicabo esse. In inventore quo facere. Et sit numquam ut facilis quia dolore sed.', 5, '2018-09-11 19:35:59', '2018-09-11 19:35:59'),
(163, 27, 'Narciso Armstrong', 'Recusandae deserunt iste et corporis perspiciatis minima et. Molestias maiores ut ut incidunt alias repellat laborum maiores. Distinctio aperiam eos facere voluptas dolorem.', 4, '2018-09-11 19:35:59', '2018-09-11 19:35:59'),
(164, 25, 'Mr. Fredrick Runte', 'Velit officia quidem omnis ab earum magni consequuntur. Debitis omnis blanditiis totam qui illum fugit. Explicabo in praesentium omnis reiciendis cupiditate voluptatum et.', 1, '2018-09-11 19:35:59', '2018-09-11 19:35:59'),
(165, 23, 'Mia Lind', 'Quam voluptas asperiores ut animi soluta quae quaerat. Asperiores nesciunt quibusdam sit dolores aspernatur et debitis. Non vero fugit inventore voluptas illo. Quam voluptatibus odio veniam quo.', 3, '2018-09-11 19:35:59', '2018-09-11 19:35:59'),
(166, 46, 'Khalil Dickinson PhD', 'Perferendis ut repellat modi ab. Quidem dicta dolorem sed voluptate. Temporibus sit dolores corrupti molestiae voluptate sed maiores voluptatibus.', 0, '2018-09-11 19:35:59', '2018-09-11 19:35:59'),
(167, 38, 'Quincy Treutel', 'Perspiciatis laudantium et quos. Animi voluptatibus accusantium sed culpa consequuntur aliquam. Laborum est repellendus ullam ut et nostrum et nobis. Consequuntur ea enim quia repudiandae.', 5, '2018-09-11 19:35:59', '2018-09-11 19:35:59'),
(168, 10, 'Mohammed Lueilwitz', 'Fugiat qui voluptatem perspiciatis aliquid nihil odit quo. Optio voluptatem dignissimos accusamus labore culpa minus recusandae doloribus. Fugiat velit placeat neque atque est. Omnis omnis voluptatem asperiores porro incidunt.', 1, '2018-09-11 19:35:59', '2018-09-11 19:35:59'),
(169, 36, 'Esteban O\'Connell', 'Autem aut quam minima qui sunt quia. Rerum repellat qui mollitia beatae autem. Omnis distinctio sint omnis et harum. Sunt recusandae ad ut minima numquam voluptas eum.', 1, '2018-09-11 19:35:59', '2018-09-11 19:35:59'),
(170, 35, 'Ms. Jackeline Von', 'Omnis qui ut dolorem perspiciatis impedit dolor. Voluptas excepturi alias aspernatur ipsa odit. Eligendi quis vero dolorem ipsa molestias nam error perspiciatis. Voluptatem est blanditiis nihil sunt.', 0, '2018-09-11 19:35:59', '2018-09-11 19:35:59'),
(171, 49, 'Alanis Ebert IV', 'Quod magni nostrum corporis tempore. Architecto officiis quaerat harum voluptatem error laborum fuga.', 1, '2018-09-11 19:36:00', '2018-09-11 19:36:00'),
(172, 21, 'Daija Frami', 'Adipisci culpa est ea ullam. Modi molestiae quas ut aut fugiat. Voluptatem officia consectetur ipsa repudiandae.', 1, '2018-09-11 19:36:00', '2018-09-11 19:36:00'),
(173, 11, 'Hallie Blick', 'Rerum et consequatur qui aut magni. Nemo ipsa deleniti et quis iste nihil. Quo occaecati tempore eos qui qui qui neque sit.', 4, '2018-09-11 19:36:00', '2018-09-11 19:36:00'),
(174, 32, 'Mrs. Idell Huel III', 'Omnis amet minima et. Amet libero dolorem expedita. Qui eveniet deserunt aut accusamus dicta quibusdam sapiente aliquam. Necessitatibus atque ratione quia.', 1, '2018-09-11 19:36:00', '2018-09-11 19:36:00'),
(175, 45, 'Leonard Douglas', 'Numquam explicabo cum quae sed quos architecto. Aut perspiciatis ad quaerat possimus aut voluptas labore. Est veritatis a corporis qui ut aperiam ex blanditiis. Cum in neque eaque quo minus earum quidem.', 5, '2018-09-11 19:36:00', '2018-09-11 19:36:00'),
(176, 8, 'Zoe Kub III', 'Consequatur beatae harum veritatis sit recusandae. Quia reprehenderit expedita facere repellat culpa eligendi quisquam. Est numquam modi nihil.', 4, '2018-09-11 19:36:00', '2018-09-11 19:36:00'),
(177, 33, 'Delilah Boyer', 'Similique autem qui magnam. Omnis ullam dolor adipisci aspernatur illo eaque. Quis quia quas repudiandae.', 0, '2018-09-11 19:36:00', '2018-09-11 19:36:00'),
(178, 14, 'Bette Monahan DDS', 'Aut distinctio dolor porro dolores. Architecto adipisci architecto qui non ipsa. Facilis reprehenderit voluptatem sit officia repudiandae.', 0, '2018-09-11 19:36:00', '2018-09-11 19:36:00'),
(179, 44, 'Freeda Barton I', 'Qui est qui doloribus aspernatur. Est unde qui velit. Provident et animi iure sit rem deleniti. Explicabo in molestiae ullam non sint aliquid voluptatem.', 5, '2018-09-11 19:36:00', '2018-09-11 19:36:00'),
(180, 48, 'Meghan Pagac', 'Neque eos mollitia et voluptates et ut. Voluptatem cupiditate similique incidunt esse quae ut numquam. Aut vitae culpa incidunt ipsum praesentium.', 1, '2018-09-11 19:36:00', '2018-09-11 19:36:00'),
(181, 1, 'Prof. Khalil Dach', 'Ullam laudantium impedit provident officia expedita natus quia odit. Ad sit debitis a. Blanditiis eius quia enim voluptatem aut saepe. Expedita quos tempora quos sunt tenetur et quia.', 3, '2018-09-11 19:36:00', '2018-09-11 19:36:00'),
(182, 4, 'Jensen Stiedemann', 'Quo magnam nisi rerum repellat necessitatibus et id. Dolore quisquam nobis voluptatem architecto velit quibusdam autem. Dolore velit exercitationem id nisi ut culpa.', 3, '2018-09-11 19:36:00', '2018-09-11 19:36:00'),
(183, 45, 'Raymundo Schimmel', 'Nihil illo explicabo eum similique veniam. Reiciendis sed molestiae suscipit numquam. Sint magni non dolorem eveniet atque ullam.', 0, '2018-09-11 19:36:00', '2018-09-11 19:36:00'),
(184, 36, 'Curt Lehner', 'Laborum temporibus vitae consequuntur ut dolor consequatur molestias. Iste enim vitae mollitia consequatur. Atque suscipit ex ipsa sit voluptatum est.', 1, '2018-09-11 19:36:00', '2018-09-11 19:36:00'),
(185, 39, 'Ryder Vandervort', 'Qui sunt totam enim natus recusandae quaerat. Voluptas inventore dolorem corrupti. Dicta velit esse veritatis quia rem accusantium. Voluptatibus natus recusandae et. Cupiditate ratione illum dolor ut saepe quidem ad.', 1, '2018-09-11 19:36:00', '2018-09-11 19:36:00'),
(186, 32, 'Kim Blick Sr.', 'Dolores est aliquam fugit numquam doloribus. Iure eligendi occaecati aut modi molestiae id consectetur. Illo veniam sequi quia reprehenderit. Ea animi alias nobis adipisci enim.', 5, '2018-09-11 19:36:01', '2018-09-11 19:36:01'),
(187, 38, 'Clarabelle Bins', 'Similique quia eos ducimus natus inventore. Sit quis eligendi sit impedit molestiae qui. Ipsam voluptas qui totam consequatur sed iste.', 3, '2018-09-11 19:36:01', '2018-09-11 19:36:01'),
(188, 31, 'Mr. Quinten Kutch V', 'Libero aut qui aut aliquam et sed quia. A tempora recusandae illum quo magni consequatur. Ut consequuntur debitis omnis provident nihil repellendus quae.', 1, '2018-09-11 19:36:01', '2018-09-11 19:36:01'),
(189, 42, 'Lois Pfannerstill PhD', 'Accusamus et minima aut deserunt et dolor rem. Accusantium enim deleniti eveniet ipsam sed earum omnis. Qui voluptas consequuntur perspiciatis sunt. Tempora nihil ad et reprehenderit iste et.', 3, '2018-09-11 19:36:01', '2018-09-11 19:36:01'),
(190, 27, 'Dr. Roberto Dooley', 'Accusantium eum quae illum cum quasi. Dolorum tenetur deserunt non iste. Dolor quis est expedita. Perspiciatis unde qui accusamus hic.', 3, '2018-09-11 19:36:01', '2018-09-11 19:36:01'),
(191, 13, 'Prof. Troy Cartwright', 'Eum eligendi quis rerum non et. Et aliquam dignissimos at in. Optio accusamus nihil dolores a exercitationem dolores.', 3, '2018-09-11 19:36:01', '2018-09-11 19:36:01'),
(192, 23, 'Gussie Corkery PhD', 'Cumque id perspiciatis sed quis repellendus beatae. Mollitia vel cumque id rerum numquam esse dolorem. Tempore omnis dolor non. Vitae est molestias illum.', 4, '2018-09-11 19:36:01', '2018-09-11 19:36:01'),
(193, 2, 'Darryl Mante', 'Consequatur eaque beatae accusantium iusto minima sed dolorem. Voluptatem voluptatem quae voluptas excepturi recusandae. Dolor et et sint totam et voluptatem. Non similique et sit blanditiis.', 3, '2018-09-11 19:36:01', '2018-09-11 19:36:01'),
(194, 29, 'Nathaniel Blick III', 'Nemo nisi doloribus qui. Optio qui enim fugit atque. Laudantium vel rerum repudiandae magnam.', 0, '2018-09-11 19:36:01', '2018-09-11 19:36:01'),
(195, 11, 'Laury Lebsack', 'Ipsum consequatur magni tenetur et quidem rem sit explicabo. Amet tempora esse quo consequatur rerum quis. Omnis mollitia dolorem perspiciatis aliquam ratione. Est deleniti harum tempora est molestiae consectetur earum.', 1, '2018-09-11 19:36:01', '2018-09-11 19:36:01'),
(196, 32, 'Dr. Henderson Runolfsdottir IV', 'Soluta quibusdam quam harum aut sit. Id sed dolorem earum aperiam consequatur. Esse ipsam esse cum fugit voluptatibus fugit.', 2, '2018-09-11 19:36:01', '2018-09-11 19:36:01'),
(197, 30, 'Korey Labadie', 'Est dolores ea eveniet nihil est in explicabo. Alias consequatur voluptates doloribus eveniet eos. Non laboriosam necessitatibus cum est aut. Non doloremque aut in id illum molestiae nulla.', 0, '2018-09-11 19:36:01', '2018-09-11 19:36:01'),
(198, 4, 'Kaylin Abernathy', 'A voluptatem qui dolores suscipit et est. Eaque accusantium vero quae qui dolorem non tempore eos.', 2, '2018-09-11 19:36:01', '2018-09-11 19:36:01'),
(199, 39, 'Avery Cole', 'Rerum totam ut autem pariatur ducimus quo iste. Officiis modi necessitatibus aut doloribus nesciunt et. Recusandae doloremque dolores magnam ut.', 4, '2018-09-11 19:36:01', '2018-09-11 19:36:01'),
(200, 35, 'Maud Lockman MD', 'Quas maiores totam earum vel dolorem sint numquam et. Sunt laudantium sint doloribus at quidem. Commodi numquam ut quae sed ea. Nemo corporis nulla eaque quo nulla voluptatem voluptatem explicabo.', 4, '2018-09-11 19:36:02', '2018-09-11 19:36:02'),
(201, 34, 'Jefferey Pollich', 'Dolores est et iusto ut. Et provident blanditiis neque non omnis. Quasi adipisci ut expedita molestias quae qui labore. Excepturi rerum voluptatem mollitia qui quaerat nihil aut.', 3, '2018-09-11 19:36:02', '2018-09-11 19:36:02'),
(202, 12, 'Ari Daugherty', 'Ea id perferendis in nihil adipisci totam quia. Maiores quidem voluptatum officia tempora excepturi qui. Provident ex omnis accusamus consequatur expedita voluptas blanditiis.', 0, '2018-09-11 19:36:02', '2018-09-11 19:36:02'),
(203, 22, 'Angel Schmitt', 'Sint nisi corporis aut animi explicabo vel veritatis. Eveniet consectetur earum doloribus quas omnis. Voluptate et saepe sit voluptate consequatur sed exercitationem optio. Maxime non illo impedit et nulla voluptatem reiciendis beatae.', 1, '2018-09-11 19:36:02', '2018-09-11 19:36:02'),
(204, 20, 'Ophelia Grant', 'Inventore omnis sint qui cumque repellat laboriosam ipsam. Quis eos at temporibus voluptas. Omnis ab et placeat non sed. Ut nemo voluptatum voluptas iste et qui.', 5, '2018-09-11 19:36:02', '2018-09-11 19:36:02'),
(205, 14, 'Raheem Ebert', 'Ipsa voluptas quas natus unde facere. Et eum aspernatur in ipsam ut aliquid. Est illo consectetur voluptates tenetur. Ab natus maiores quidem.', 2, '2018-09-11 19:36:02', '2018-09-11 19:36:02'),
(206, 46, 'Drake Nolan', 'Accusantium sunt fugiat quae nisi. Enim sit quam et molestiae quia ut est odit. Repellendus suscipit et odio.', 1, '2018-09-11 19:36:02', '2018-09-11 19:36:02'),
(207, 40, 'Kenya Beier', 'Ut beatae quibusdam perferendis voluptas. Nihil ut at officiis nesciunt eos eius. Nemo et officiis adipisci aut.', 5, '2018-09-11 19:36:02', '2018-09-11 19:36:02'),
(208, 14, 'Carlie Farrell', 'Quia molestiae aut fugit repudiandae cupiditate dolorem. Ipsum assumenda quibusdam qui est nobis consequuntur voluptatem. Facilis nulla quas id est. Non fugiat et sed.', 3, '2018-09-11 19:36:02', '2018-09-11 19:36:02'),
(209, 36, 'Ara Klein', 'Eius maiores aliquam non velit consequuntur est. Rerum ad velit perspiciatis at sunt eos sapiente. Doloribus ut minus assumenda at reprehenderit.', 5, '2018-09-11 19:36:02', '2018-09-11 19:36:02'),
(210, 1, 'Nellie Bernhard DDS', 'Rerum provident consequuntur cumque dolorem dignissimos. Officiis qui sed doloribus iusto consequuntur. Amet dicta est exercitationem eaque eum natus vero.', 4, '2018-09-11 19:36:02', '2018-09-11 19:36:02');
INSERT INTO `reviews` (`id`, `product_id`, `customer`, `review`, `star`, `created_at`, `updated_at`) VALUES
(211, 50, 'Ms. Erica Armstrong', 'Et possimus voluptatem quae aut qui veritatis et. Consequatur quia sed libero quis. Ut ullam in quisquam ullam.', 3, '2018-09-11 19:36:02', '2018-09-11 19:36:02'),
(212, 39, 'Rupert O\'Keefe', 'Aliquam architecto non beatae quia omnis illum et. Odit aut corrupti exercitationem aut cum rem est. Sunt blanditiis voluptate recusandae nihil et consequuntur quasi. Eum delectus et molestiae cumque ab sint. Aliquid ex et quo aut quia sequi ut et.', 0, '2018-09-11 19:36:02', '2018-09-11 19:36:02'),
(213, 46, 'Tracey Walsh', 'Repellendus eveniet tempora autem culpa unde veniam. Ex sit tempore inventore at. Sunt quia dolores ut sit at. Ut sunt maxime sed et eius consequuntur porro. Voluptatibus recusandae asperiores consequatur qui amet ipsam ea.', 4, '2018-09-11 19:36:02', '2018-09-11 19:36:02'),
(214, 22, 'Mr. Americo Farrell III', 'Id consequatur repudiandae repellat sed. Rerum vitae perspiciatis itaque nemo exercitationem odio. Et quidem quibusdam et officia.', 3, '2018-09-11 19:36:02', '2018-09-11 19:36:02'),
(215, 31, 'Adella Schneider', 'Voluptatem voluptatem corrupti fugiat doloribus. Voluptatem quasi ut odio quia quasi enim consequatur. Placeat velit voluptate aut earum.', 2, '2018-09-11 19:36:02', '2018-09-11 19:36:02'),
(216, 10, 'Vicente Crona', 'Perferendis non accusamus sunt. Est molestiae laudantium rerum corrupti illo. Vel sed aut repellat ut corporis reprehenderit.', 0, '2018-09-11 19:36:03', '2018-09-11 19:36:03'),
(217, 3, 'Christopher Swift', 'Recusandae aspernatur sint voluptatem. In repellendus dolorum facilis tempora. Enim ex vero debitis aut.', 4, '2018-09-11 19:36:03', '2018-09-11 19:36:03'),
(218, 9, 'Prof. Josianne Marvin V', 'Cupiditate quis enim voluptatum ut quod temporibus blanditiis. Voluptates reiciendis rerum sit. Laboriosam voluptatibus perferendis asperiores. Dignissimos aspernatur reiciendis et doloribus facilis est atque.', 2, '2018-09-11 19:36:03', '2018-09-11 19:36:03'),
(219, 1, 'Dr. Dane Crona Jr.', 'Repudiandae alias quia provident voluptatibus cumque illo non. Ut neque molestiae at rerum est. Illum et quidem eum sed. Hic voluptatem tenetur recusandae earum ut voluptatem consequatur eos. Est mollitia esse est iure repellendus earum aliquam.', 3, '2018-09-11 19:36:03', '2018-09-11 19:36:03'),
(220, 26, 'Prof. Valentina Lind DDS', 'Sint ducimus sit totam aliquid veritatis. Officia vel sit et quis optio omnis eos. Magni minima nihil labore voluptas. Molestiae quia est minima quae vitae repellendus.', 3, '2018-09-11 19:36:03', '2018-09-11 19:36:03'),
(221, 15, 'Whitney Miller', 'Et est sunt illum porro. Necessitatibus voluptas qui doloremque placeat molestiae. Expedita iusto praesentium corrupti deleniti sit nobis eum impedit. Consequatur corporis asperiores rerum reprehenderit nesciunt harum voluptas.', 3, '2018-09-11 19:36:03', '2018-09-11 19:36:03'),
(222, 31, 'Elyse Stiedemann', 'Eius quis voluptatem aut provident ut atque. Sunt dolores blanditiis cumque tempora vitae voluptas veritatis amet. Consequatur reiciendis ad omnis velit soluta rerum est. Est quos officia iure similique eum iusto omnis.', 4, '2018-09-11 19:36:03', '2018-09-11 19:36:03'),
(223, 27, 'Meta Turner', 'Reprehenderit quos qui voluptates aliquam. Sunt quia sequi quo nihil. Aperiam aut labore fuga. Itaque vel expedita ut dignissimos qui eaque ut est.', 4, '2018-09-11 19:36:03', '2018-09-11 19:36:03'),
(224, 22, 'Shayne Russel', 'Aut in blanditiis consequatur quae. Accusantium nostrum minima nostrum. Id qui dolor magnam autem. Consequatur voluptates molestias dolor repudiandae unde omnis.', 5, '2018-09-11 19:36:03', '2018-09-11 19:36:03'),
(225, 44, 'Joan Friesen', 'Ut et nesciunt quia fugiat id. Mollitia quam qui laboriosam. Neque ex at fuga tenetur pariatur voluptas. Illum non autem dicta odit qui debitis.', 1, '2018-09-11 19:36:03', '2018-09-11 19:36:03'),
(226, 36, 'King Lang', 'Porro dolores consectetur dicta omnis minus. Ad molestias consequuntur eligendi laudantium ut excepturi delectus. Dolores est totam veritatis. Sequi culpa ex autem minima est. Quos inventore autem animi.', 4, '2018-09-11 19:36:03', '2018-09-11 19:36:03'),
(227, 5, 'Lisa Beer', 'Mollitia magni quia necessitatibus quia et cum. Excepturi nihil reiciendis deserunt beatae. Quo ut voluptates debitis deleniti occaecati soluta.', 2, '2018-09-11 19:36:03', '2018-09-11 19:36:03'),
(228, 48, 'Mr. Julio Dicki', 'Repellendus necessitatibus ut amet perspiciatis id id. Vero delectus omnis autem voluptate. Voluptatem blanditiis ipsa consequuntur id aut ut cum. Nesciunt explicabo voluptate ut sequi atque.', 1, '2018-09-11 19:36:03', '2018-09-11 19:36:03'),
(229, 50, 'Mrs. Elenor Rowe', 'Soluta sed quia ut quia rerum placeat. Sit quasi consequatur voluptatem enim excepturi itaque iusto. Id ex eos dolores similique non quae eos. Aut fuga ut pariatur.', 2, '2018-09-11 19:36:03', '2018-09-11 19:36:03'),
(230, 39, 'Einar Hauck', 'Placeat minus ipsa voluptas. Deserunt in autem sint nisi magni consectetur. Id quaerat molestiae in eos. Ut est magnam odio voluptatem quasi adipisci minima.', 0, '2018-09-11 19:36:03', '2018-09-11 19:36:03'),
(231, 43, 'Mr. Laverna Gottlieb PhD', 'Enim et expedita sed possimus. Sint officia rerum architecto qui ut et culpa. Eum ad est quia culpa accusantium eos.', 0, '2018-09-11 19:36:03', '2018-09-11 19:36:03'),
(232, 29, 'Mr. Kyleigh Jacobson', 'Veniam sint quibusdam molestiae dolorem libero. Optio in minima error et. Ex iste ratione illum voluptatem.', 0, '2018-09-11 19:36:03', '2018-09-11 19:36:03'),
(233, 27, 'Roderick Schneider', 'Amet saepe autem velit rerum ad quos. Dicta modi adipisci ullam cupiditate. Corporis quidem dolor ut. Nemo qui tenetur dolorem non rerum sint quasi.', 0, '2018-09-11 19:36:03', '2018-09-11 19:36:03'),
(234, 37, 'Brice Streich', 'Quia et adipisci nemo nisi voluptas. Voluptas enim quis totam corporis. Et enim quod ab aut quas ut qui. Deleniti ea consequatur dignissimos et non vitae enim.', 3, '2018-09-11 19:36:04', '2018-09-11 19:36:04'),
(235, 42, 'Mr. Lavern Hickle', 'Fugit autem beatae laudantium sequi delectus qui in. Eaque omnis tenetur ea accusamus. Quam nemo quisquam non suscipit quod.', 1, '2018-09-11 19:36:04', '2018-09-11 19:36:04'),
(236, 17, 'Alvina Runolfsson', 'Ipsum fugit qui voluptate quam ipsam rem odit. Vel amet quos id porro voluptatem. Id quo quo esse magni.', 3, '2018-09-11 19:36:04', '2018-09-11 19:36:04'),
(237, 50, 'Bradford Morar', 'Fuga quas officiis et vitae. Quae non minima aut numquam. Quis accusamus eveniet ut rem expedita. Distinctio dignissimos optio perspiciatis maiores enim.', 5, '2018-09-11 19:36:04', '2018-09-11 19:36:04'),
(238, 11, 'Yazmin Boehm', 'Maiores esse dolorum et itaque. Quibusdam aliquam natus excepturi provident aut temporibus et. Eaque maxime cupiditate fuga officia quis reprehenderit ab delectus.', 0, '2018-09-11 19:36:04', '2018-09-11 19:36:04'),
(239, 45, 'Annie Zboncak Sr.', 'Quia quis vel similique quidem voluptate iure sunt. Aut voluptatem velit culpa. Sapiente molestias nostrum non iure illo. Facere explicabo expedita eveniet culpa doloribus ut voluptas molestias.', 3, '2018-09-11 19:36:04', '2018-09-11 19:36:04'),
(240, 48, 'Leslie Skiles', 'Ex ex laborum consequatur placeat. Quo odit earum molestias ad architecto. Et dignissimos maiores esse occaecati. Ea dignissimos dolores quaerat ut.', 2, '2018-09-11 19:36:04', '2018-09-11 19:36:04'),
(241, 6, 'Eugenia Langworth', 'Quos culpa quibusdam enim dolores aperiam autem voluptas. Provident error magni asperiores inventore. Deleniti aliquam aperiam et rem praesentium. Mollitia itaque cupiditate vel molestias mollitia tempore repellat. Tempore et adipisci et vero occaecati et.', 4, '2018-09-11 19:36:04', '2018-09-11 19:36:04'),
(242, 10, 'Reilly Hills', 'Rerum possimus porro ut ratione fuga laudantium. Officia aspernatur nesciunt sit asperiores itaque velit natus. Dolorum aliquam suscipit incidunt minima autem. Molestiae porro dolor doloribus odit quibusdam. Odit cupiditate nesciunt est.', 4, '2018-09-11 19:36:04', '2018-09-11 19:36:04'),
(243, 14, 'Bart Sawayn', 'Enim saepe iusto et quia sapiente. Molestiae pariatur ratione esse aut perferendis et. Praesentium illo eum ducimus adipisci consequatur.', 0, '2018-09-11 19:36:05', '2018-09-11 19:36:05'),
(244, 9, 'Mr. Orland Hermann', 'Est quia ut quibusdam distinctio amet voluptatem. Sint nihil et repellat. Quia vitae aut similique tempore a.', 2, '2018-09-11 19:36:05', '2018-09-11 19:36:05'),
(245, 28, 'Dr. Kaia Beatty', 'Esse dolores excepturi nihil aut soluta. Voluptas est quia minima ut sed. Exercitationem iusto sed aliquam qui molestias soluta amet. Labore quia ullam velit inventore autem deserunt molestias.', 0, '2018-09-11 19:36:05', '2018-09-11 19:36:05'),
(246, 44, 'Ms. Tabitha Reichel', 'Suscipit dolorem aut sed fugit autem ut veritatis impedit. Harum ipsam ipsam fugiat et ipsum sed minus.', 5, '2018-09-11 19:36:05', '2018-09-11 19:36:05'),
(247, 46, 'Marian Reilly', 'Quia autem ullam numquam quo totam qui. Et et voluptas ullam culpa nulla. Enim pariatur architecto facilis totam. Repellendus est eum occaecati esse.', 2, '2018-09-11 19:36:05', '2018-09-11 19:36:05'),
(248, 20, 'Prof. Wade Quitzon', 'Ab veritatis distinctio facere provident enim odit. Architecto ab et voluptate. Quae aliquid id nihil qui. Dicta est rem praesentium omnis occaecati sed.', 1, '2018-09-11 19:36:05', '2018-09-11 19:36:05'),
(249, 40, 'Selena Nicolas', 'Placeat ut dolor veritatis. Dolor quia dolorem quisquam voluptas. Corporis atque nobis qui qui enim illum.', 4, '2018-09-11 19:36:05', '2018-09-11 19:36:05'),
(250, 24, 'Dr. Zula Prohaska', 'Quo inventore temporibus odio. Cupiditate vitae molestiae et sapiente. Nulla odit pariatur dolor mollitia quasi. Corporis dolor ut libero eum.', 3, '2018-09-11 19:36:05', '2018-09-11 19:36:05'),
(251, 29, 'Asa Hartmann', 'Qui aut illo pariatur est. Nostrum rerum expedita vero. Ullam ab aut veritatis quaerat culpa.', 5, '2018-09-11 19:36:05', '2018-09-11 19:36:05'),
(252, 39, 'Geovany Wunsch I', 'Ea libero soluta impedit molestiae odit quia. Hic molestiae qui provident dolorum vel. Mollitia iste sunt eos. Voluptatum eum reprehenderit rem quia. Officiis cumque voluptatem qui nulla quasi.', 0, '2018-09-11 19:36:05', '2018-09-11 19:36:05'),
(253, 1, 'Keven Hane', 'Ut nobis officia eligendi. Dolorem quo et aliquid mollitia doloremque eligendi. Quo quidem sapiente sint.', 5, '2018-09-11 19:36:05', '2018-09-11 19:36:05'),
(254, 38, 'Mrs. Lupe Moen IV', 'Sed velit quisquam temporibus nisi. Modi natus aspernatur quia quia eius vel. Nihil dolorum a sequi similique cum.', 2, '2018-09-11 19:36:05', '2018-09-11 19:36:05'),
(255, 40, 'Prof. Jeffry Jacobs II', 'Itaque quia rerum id atque aspernatur. Saepe illum qui cum ea et. Esse cupiditate optio blanditiis delectus magni eos. Voluptas nam quod placeat quod similique quia.', 4, '2018-09-11 19:36:05', '2018-09-11 19:36:05'),
(256, 21, 'Nikko Dibbert', 'Quo ut soluta consectetur hic natus optio. Laudantium officiis inventore dolorum consequatur dolores. Quae earum dolores doloribus amet voluptatem.', 4, '2018-09-11 19:36:06', '2018-09-11 19:36:06'),
(257, 39, 'Terrence Hansen', 'Aut non dolorem aut quia accusantium et. Qui quo velit placeat blanditiis hic sed. Qui voluptas modi libero aut possimus.', 5, '2018-09-11 19:36:06', '2018-09-11 19:36:06'),
(258, 26, 'Kale Wolff', 'Itaque quod tempore tempora totam. Vitae molestiae odit placeat et consectetur at sunt. Quod expedita reprehenderit ex et et consequatur.', 3, '2018-09-11 19:36:06', '2018-09-11 19:36:06'),
(259, 20, 'Brigitte Beier', 'Officiis aut omnis assumenda. Et nihil voluptas in autem saepe. Vel est accusamus consequatur eos velit minima temporibus. Dicta dignissimos dolorem qui officiis fuga unde.', 2, '2018-09-11 19:36:06', '2018-09-11 19:36:06'),
(260, 32, 'Mr. Matteo Greenfelder MD', 'Voluptatem doloribus dicta velit perferendis esse dolorem harum. Numquam dolores accusamus animi. Porro est omnis suscipit dolor sed cum.', 4, '2018-09-11 19:36:06', '2018-09-11 19:36:06'),
(261, 14, 'Kendra Kessler', 'Laborum non ab eum itaque rerum. Nulla sint cumque a est consequatur fuga sequi. Vero harum maxime quia facilis aut alias.', 3, '2018-09-11 19:36:06', '2018-09-11 19:36:06'),
(262, 31, 'Elbert Beahan', 'Fugit necessitatibus soluta et ut consequatur ipsa. Architecto fugit at non beatae. Reprehenderit delectus esse soluta veritatis nihil.', 2, '2018-09-11 19:36:06', '2018-09-11 19:36:06'),
(263, 46, 'Darlene Bruen', 'Eum inventore facere ut voluptatum. In et id aut est corporis. Saepe autem omnis ea quaerat.', 3, '2018-09-11 19:36:06', '2018-09-11 19:36:06'),
(264, 19, 'Madonna McGlynn IV', 'Cum qui labore et sunt eum inventore voluptas. Aut illo accusantium nisi sit adipisci qui. Dolorem voluptatem recusandae et rem.', 3, '2018-09-11 19:36:06', '2018-09-11 19:36:06'),
(265, 43, 'Angela Breitenberg', 'Nostrum incidunt voluptas dolorem illo ullam facere temporibus. Debitis ratione odio ratione ut est delectus. Excepturi repudiandae ab voluptatem sit illum in in. Consequatur id corrupti quos et repellat delectus. Laborum ex iure dignissimos suscipit labore illo est.', 3, '2018-09-11 19:36:06', '2018-09-11 19:36:06'),
(266, 7, 'Marilyne Metz', 'Dolorum non quia sit corrupti aliquam nam. Quia quia placeat velit aut incidunt dolorum. Neque est dolor deleniti ut.', 3, '2018-09-11 19:36:06', '2018-09-11 19:36:06'),
(267, 41, 'Madilyn Williamson', 'Minima et et eum commodi ex. Earum sint delectus quod exercitationem reprehenderit fuga. Est iure provident aut in. Quasi accusamus sunt animi.', 4, '2018-09-11 19:36:06', '2018-09-11 19:36:06'),
(268, 2, 'Dasia Farrell', 'Eum optio eum vel et et. Quod id adipisci ut ullam quo. In saepe excepturi laborum saepe enim porro est quaerat. Qui quasi debitis harum vero omnis nemo.', 3, '2018-09-11 19:36:06', '2018-09-11 19:36:06'),
(269, 49, 'Arvilla Bosco', 'Explicabo sit possimus esse praesentium odit consequuntur. Repudiandae repellat architecto et velit. Natus repellat laudantium qui quaerat.', 5, '2018-09-11 19:36:07', '2018-09-11 19:36:07'),
(270, 12, 'Judd Doyle', 'Est cumque nesciunt placeat ullam est magnam excepturi. Voluptatem odio ut voluptas. Corrupti adipisci laudantium tempore aut non ipsum non debitis. Doloremque qui deleniti molestias et aliquid minima delectus.', 4, '2018-09-11 19:36:07', '2018-09-11 19:36:07'),
(271, 31, 'Ivy Ryan', 'Neque reiciendis explicabo quas illo odit sapiente perspiciatis. Ab molestias ipsum inventore laborum repellendus. Assumenda ex ratione rerum voluptas earum in. Architecto tenetur reiciendis iste aut porro distinctio sunt.', 4, '2018-09-11 19:36:07', '2018-09-11 19:36:07'),
(272, 34, 'Mr. Judd Pollich', 'Rerum aut voluptatem alias qui eaque. Magnam architecto modi blanditiis dolores perspiciatis est et. Voluptate quia consequatur dolorem sint ducimus consequatur voluptate.', 5, '2018-09-11 19:36:07', '2018-09-11 19:36:07'),
(273, 2, 'Tate Mayert', 'Rerum et et voluptas quia ullam ea dignissimos. Maxime optio aut voluptatem praesentium. Rem porro aperiam minima deleniti omnis voluptatem ut. Iure tempore aspernatur eos beatae perspiciatis.', 3, '2018-09-11 19:36:07', '2018-09-11 19:36:07'),
(274, 19, 'Paula Hoeger', 'Eius quia delectus sit ut minima. Et dicta maiores consequatur ipsa qui. Reprehenderit quis architecto cumque exercitationem dolorem vero tempora. Sit nesciunt earum sequi.', 4, '2018-09-11 19:36:07', '2018-09-11 19:36:07'),
(275, 38, 'Cierra Kling', 'Quaerat repudiandae reiciendis et ratione laudantium in laborum sit. Sed rerum est ullam quo iure blanditiis dolorem est. Explicabo tempore voluptatem dolores voluptatibus a.', 1, '2018-09-11 19:36:07', '2018-09-11 19:36:07'),
(276, 30, 'Miss Vivienne Fritsch I', 'Soluta eligendi iusto neque aut vero ea. Voluptate sunt maiores occaecati blanditiis est ea nihil. Error aut eaque quia aut voluptas molestiae similique. Incidunt rem veniam aspernatur enim porro ex.', 1, '2018-09-11 19:36:07', '2018-09-11 19:36:07'),
(277, 36, 'Prof. Alyce Romaguera', 'Quidem voluptate ratione quas omnis perferendis. Voluptatem quis molestiae consequuntur et consequatur. Autem amet velit optio qui dolorem rerum ea.', 0, '2018-09-11 19:36:07', '2018-09-11 19:36:07'),
(278, 11, 'Miss Bella Brakus Sr.', 'Nobis commodi ab eum molestiae qui rerum sit et. Aliquam magni quia quidem ab dignissimos et dolores. Qui facere fugit harum quis rerum minima placeat dolor. Voluptatem quasi quo adipisci.', 0, '2018-09-11 19:36:07', '2018-09-11 19:36:07'),
(279, 34, 'Christian Schmitt', 'Et hic qui labore recusandae sed libero at. Odit sapiente consequatur eius est. Autem tempore modi sunt. Eveniet quas rerum mollitia occaecati. Quia beatae voluptas minima quod velit.', 2, '2018-09-11 19:36:08', '2018-09-11 19:36:08'),
(280, 39, 'Cletus Bayer', 'Ab consequatur sint totam ipsam quis deserunt. Facilis expedita quaerat unde quia doloribus totam. Nobis sit voluptas excepturi maxime sit eius earum.', 5, '2018-09-11 19:36:08', '2018-09-11 19:36:08'),
(281, 5, 'Lewis Senger', 'Et sed vel esse repellat natus iste et. Numquam omnis minima exercitationem sapiente occaecati alias. Ut architecto fugiat molestiae aspernatur quia. Et nihil atque sed mollitia.', 3, '2018-09-11 19:36:08', '2018-09-11 19:36:08'),
(282, 9, 'Arnoldo Walter', 'Possimus provident ad pariatur veritatis aut. Voluptatem atque non saepe. Qui est omnis harum omnis hic.', 4, '2018-09-11 19:36:08', '2018-09-11 19:36:08'),
(283, 32, 'Jacynthe Schaefer', 'Molestias aspernatur amet possimus quibusdam voluptatem. Vitae voluptatem numquam nobis voluptatem quisquam laboriosam. Accusantium quia dolore numquam quam voluptas. Aut odit sed alias asperiores.', 4, '2018-09-11 19:36:08', '2018-09-11 19:36:08'),
(284, 17, 'Van Shanahan', 'Velit libero cum corporis aut officia. Iure ut cum minima voluptas vel non labore. Incidunt sed quibusdam culpa ut maiores. Minima voluptates sapiente maiores nihil dicta incidunt perspiciatis.', 1, '2018-09-11 19:36:08', '2018-09-11 19:36:08'),
(285, 28, 'Mr. Darrell Heller', 'Consequatur autem cum maiores. Animi sed eius eos ut neque omnis molestiae. Expedita incidunt enim numquam nemo eveniet eius.', 0, '2018-09-11 19:36:08', '2018-09-11 19:36:08'),
(286, 13, 'Ulises Goodwin', 'Quidem sunt assumenda quia explicabo. Natus laborum facilis sint enim.', 5, '2018-09-11 19:36:08', '2018-09-11 19:36:08'),
(287, 15, 'Mrs. Assunta Hackett MD', 'Ut ut qui officia nemo odit quia. Accusantium maxime blanditiis et numquam consequatur ut omnis. Et aut quia quibusdam animi vitae nihil.', 1, '2018-09-11 19:36:08', '2018-09-11 19:36:08'),
(288, 15, 'Dr. Mitchel Ledner', 'Repudiandae corporis aut excepturi. Eum sed praesentium esse ex velit pariatur est odio. Architecto ipsum quia dolorum minus.', 0, '2018-09-11 19:36:09', '2018-09-11 19:36:09'),
(289, 8, 'Noble Schuster', 'Quidem alias tenetur nihil vel blanditiis repellat. Delectus saepe nulla quo consequatur et sed. Dolores at soluta voluptate dolorum. Non maxime eum nesciunt fugit reiciendis.', 0, '2018-09-11 19:36:09', '2018-09-11 19:36:09'),
(290, 13, 'Tito Mueller', 'Quia eius non eos inventore. Ex laudantium voluptates deserunt velit quidem alias. Libero nihil quos rerum debitis natus. Ex id esse repellat et quia enim possimus fugiat.', 3, '2018-09-11 19:36:09', '2018-09-11 19:36:09'),
(291, 7, 'Earline Wilkinson', 'Doloribus temporibus in et ut velit. Aut sequi sunt totam aut.', 5, '2018-09-11 19:36:09', '2018-09-11 19:36:09'),
(292, 2, 'Prof. Raquel Upton', 'Sint non enim numquam aspernatur eos magnam. Soluta exercitationem et eligendi aspernatur quia reprehenderit. Voluptates optio illum qui eos accusamus eaque. Molestiae quis officia nam unde dignissimos aut voluptatibus aliquid.', 1, '2018-09-11 19:36:09', '2018-09-11 19:36:09'),
(293, 19, 'Mrs. Dayna Bayer V', 'Quibusdam id modi dolorem velit consequatur commodi. Animi dolorem itaque rerum ut officia et harum. Eum voluptas quo magni sunt explicabo numquam. Repudiandae placeat non alias qui.', 4, '2018-09-11 19:36:09', '2018-09-11 19:36:09'),
(294, 26, 'Ethan Schulist', 'Officia aut sed voluptates rerum. Magni sequi ab eius in praesentium minima quam. Id in impedit perferendis suscipit magni. Aperiam sit ut ullam omnis labore voluptatem voluptas.', 3, '2018-09-11 19:36:09', '2018-09-11 19:36:09'),
(295, 25, 'Skye Heller', 'Voluptate nostrum vel exercitationem assumenda velit et ut. Quaerat asperiores quis perferendis corrupti cumque quia numquam. Culpa minus repellat quaerat earum. Voluptatem fugiat voluptatibus neque aut ea alias assumenda.', 0, '2018-09-11 19:36:10', '2018-09-11 19:36:10'),
(296, 39, 'Maudie Bogisich', 'Fugit voluptatum nostrum sit placeat velit corrupti. Fuga illum ea perferendis porro saepe ipsum nihil. Vero alias architecto veniam sunt blanditiis ad. Voluptatem reiciendis a pariatur.', 1, '2018-09-11 19:36:10', '2018-09-11 19:36:10'),
(297, 35, 'Pete Stiedemann', 'Vel molestiae consequatur ut dolor accusantium quibusdam. Tempore quos inventore saepe ut eaque omnis. Dolorem animi et fugiat nesciunt sapiente sed accusantium. Et debitis omnis inventore laudantium pariatur enim.', 2, '2018-09-11 19:36:10', '2018-09-11 19:36:10'),
(298, 4, 'Jaunita Kunde Jr.', 'Ipsam excepturi corrupti ad voluptas et sed dolore. Accusantium reiciendis consequatur est harum odio dolor. Nostrum iste in est veniam ipsam neque ipsum. Cumque rem ducimus nihil et.', 5, '2018-09-11 19:36:10', '2018-09-11 19:36:10'),
(299, 35, 'Carli Zieme', 'Sunt officia tempora ut iusto omnis. Temporibus occaecati quaerat aut est illum et eaque earum.', 1, '2018-09-11 19:36:10', '2018-09-11 19:36:10'),
(300, 32, 'Clifton Pacocha', 'Fuga officia maxime perspiciatis sint architecto. Eos vero qui quod blanditiis assumenda totam vel. Nostrum dolorum est ad dignissimos fuga provident. Est explicabo voluptatem laboriosam commodi ad tempora.', 1, '2018-09-11 19:36:10', '2018-09-11 19:36:10');

-- --------------------------------------------------------

--
-- Table structure for table `users`
--

CREATE TABLE `users` (
  `id` int(10) UNSIGNED NOT NULL,
  `name` varchar(191) COLLATE utf8mb4_unicode_ci NOT NULL,
  `email` varchar(191) COLLATE utf8mb4_unicode_ci NOT NULL,
  `email_verified_at` timestamp NULL DEFAULT NULL,
  `password` varchar(191) COLLATE utf8mb4_unicode_ci NOT NULL,
  `remember_token` varchar(100) COLLATE utf8mb4_unicode_ci DEFAULT NULL,
  `created_at` timestamp NULL DEFAULT NULL,
  `updated_at` timestamp NULL DEFAULT NULL
) ENGINE=InnoDB DEFAULT CHARSET=utf8mb4 COLLATE=utf8mb4_unicode_ci;

--
-- Indexes for dumped tables
--

--
-- Indexes for table `migrations`
--
ALTER TABLE `migrations`
  ADD PRIMARY KEY (`id`);

--
-- Indexes for table `password_resets`
--
ALTER TABLE `password_resets`
  ADD KEY `password_resets_email_index` (`email`);

--
-- Indexes for table `products`
--
ALTER TABLE `products`
  ADD PRIMARY KEY (`id`);

--
-- Indexes for table `reviews`
--
ALTER TABLE `reviews`
  ADD PRIMARY KEY (`id`),
  ADD KEY `reviews_product_id_index` (`product_id`);

--
-- Indexes for table `users`
--
ALTER TABLE `users`
  ADD PRIMARY KEY (`id`),
  ADD UNIQUE KEY `users_email_unique` (`email`);

--
-- AUTO_INCREMENT for dumped tables
--

--
-- AUTO_INCREMENT for table `migrations`
--
ALTER TABLE `migrations`
  MODIFY `id` int(10) UNSIGNED NOT NULL AUTO_INCREMENT, AUTO_INCREMENT=13;

--
-- AUTO_INCREMENT for table `products`
--
ALTER TABLE `products`
  MODIFY `id` int(10) UNSIGNED NOT NULL AUTO_INCREMENT, AUTO_INCREMENT=51;

--
-- AUTO_INCREMENT for table `reviews`
--
ALTER TABLE `reviews`
  MODIFY `id` int(10) UNSIGNED NOT NULL AUTO_INCREMENT, AUTO_INCREMENT=301;

--
-- AUTO_INCREMENT for table `users`
--
ALTER TABLE `users`
  MODIFY `id` int(10) UNSIGNED NOT NULL AUTO_INCREMENT;

--
-- Constraints for dumped tables
--

--
-- Constraints for table `reviews`
--
ALTER TABLE `reviews`
  ADD CONSTRAINT `reviews_product_id_foreign` FOREIGN KEY (`product_id`) REFERENCES `products` (`id`) ON DELETE CASCADE;
COMMIT;

/*!40101 SET CHARACTER_SET_CLIENT=@OLD_CHARACTER_SET_CLIENT */;
/*!40101 SET CHARACTER_SET_RESULTS=@OLD_CHARACTER_SET_RESULTS */;
/*!40101 SET COLLATION_CONNECTION=@OLD_COLLATION_CONNECTION */;
